names,wkt_geom,type
1 Люстдорфской|1-я станция Люстдорфская|1-я Люстдорфская,POINT(30.726171 46.437772),station
1 Фонтана|1-я станция Фонтана|1-я Фонтана,POINT(30.745266 46.461010),station
10 Люстдорфской|10-я станция Люстдорфская|10-я Люстдорфская,POINT(30.726893 46.385522),station
10 Фонтана|10-я станция Фонтана|10-я Фонтана,POINT(30.753758 46.414632),station
11 Фонтана|11-я станция Фонтана|11-я Фонтана,POINT(30.755611 46.410684),station
12 Фонтана|12-я станция Фонтана|12-я Фонтана,POINT(30.754707 46.405071),station
13 Фонтана|13-я станция Фонтана|13-я Фонтана,POINT(30.753385 46.402592),station
14 Фонтана|14-я станция Фонтана|14-я Фонтана,POINT(30.749936 46.397865),station
15 Фонтана|15-я станция Фонтана|15-я Фонтана,POINT(30.748117 46.395031),station
16 Фонтана|16-я станция Фонтана|16-я Фонтана,POINT(30.747240 46.391738),station
2 Люстдорфской|2-я станция Люстдорфская|2-я Люстдорфская,POINT(30.727939 46.432075),station
2 Фонтана|2-я станция Фонтана|2-я Фонтана,POINT(30.744107 46.454442),station
3 Люстдорфской|3-я станция Люстдорфская|3-я Люстдорфская,POINT(30.723816 46.425796),station
3 Фонтана|3-я станция Фонтана|3-я Фонтана,POINT(30.743453 46.448991),station
4 Люстдорфской|4-я станция Люстдорфская|4-я Люстдорфская,POINT(30.726139 46.417779),station
4 Фонтана|4-я станция Фонтана|4-я Фонтана,POINT(30.742798 46.443539),station
5 Люстдорфской|5-я станция Люстдорфская|5-я Люстдорфская,POINT(30.727582 46.413915),station
5 Фонтана|5-я станция Фонтана|5-я Фонтана,POINT(30.745746 46.437853),station
6 Люстдорфской|6-я станция Люстдорфская|6-я Люстдорфская,POINT(30.730619 46.405559),station
6 Фонтана|6-я станция Фонтана|6-я Фонтана,POINT(30.748013 46.433674),station
7 Люстдорфской|7-я станция Люстдорфская|7-я Люстдорфская,POINT(30.732432 46.399885),station
7 Фонтана|7-я станция Фонтана|7-я Фонтана,POINT(30.751293 46.427161),station
8 Люстдорфской|8-я станция Люстдорфская|8-я Люстдорфская,POINT(30.734800 46.394059),station
8 Фонтана|8-я станция Фонтана|8-я Фонтана,POINT(30.753149 46.423195),station
9 Люстдорфской|9-я станция Люстдорфская|9-я Люстдорфская,POINT(30.731412 46.386639),station
9 Фонтана|бык|9-я станция Фонтана|9-я Фонтана,POINT(30.753779 46.420050),station
Автостанция привоз|Автостанция старосенная,"POLYGON((30.737904 46.4667116, 30.7378926 46.4666064, 30.7384587 46.4665784, 30.73847 46.4666821, 30.737904 46.4667116))",station
Аэропорт,"LINESTRING(30.6732586 46.4521882, 30.6759145 46.4443519)",station
Аэропортовская,"LINESTRING(30.6592607 46.4503757, 30.6592304 46.4459996, 30.6598019 46.4393732, 30.6594755 46.4391189, 30.6582271 46.4390958, 30.6582898 46.4350428, 30.6580603 46.4343887, 30.6580552 46.4293587, 30.657863 46.4291483, 30.6562803 46.4285118, 30.6544347 46.4280026, 30.6530692 46.4280563, 30.651299 46.4285178, 30.6504981 46.4285363)",station
ТЦ «Аэропортовский»|таврия аэропортовская,"POLYGON((30.6844156 46.447919, 30.6842163 46.4488466, 30.6837576 46.448719, 30.683881 46.44788, 30.6844156 46.447919))",station
автовокзал,"POLYGON((30.7079221 46.4765245, 30.7090917 46.4764487, 30.7091625 46.4775947, 30.7077823 46.4775072, 30.7078375 46.4770135, 30.7079626 46.477009, 30.7079221 46.4765245))",infrastructure
вокзал,"POLYGON((30.7380251 46.4667814, 30.7388214 46.466729, 30.7388251 46.4667555, 30.7380288 46.4668079, 30.7380251 46.4667814))",infrastructure
Вокзальная,"LINESTRING(30.6472568 46.4817013, 30.6505546 46.4795805, 30.6520593 46.4788967, 30.6539328 46.4775701, 30.6549098 46.4770658)",infrastructure
ЖД вокзал,"POLYGON((30.74146 46.4688987, 30.7415191 46.4687602, 30.7415646 46.4687556, 30.7415016 46.4689052, 30.74146 46.4688987))",infrastructure
Железнодорожный вокзал,"POLYGON((30.7415166 46.4687279, 30.741497 46.4685212, 30.7415442 46.4685191, 30.7415639 46.4687257, 30.7415166 46.4687279))",infrastructure
железнодорожный вокзал|жд вокзал|жд|вокзал,"POLYGON((30.7399967 46.4668146, 30.7401157 46.4675552, 30.7413066 46.4674758, 30.7413411 46.4676936, 30.7399334 46.4678377, 30.7397305 46.4668349, 30.7399967 46.4668146))",infrastructure
морвокзал,"POLYGON((30.7464174 46.4912829, 30.7460272 46.4909388, 30.7454901 46.490465, 30.7458853 46.4902527, 30.7468125 46.4910705, 30.7464174 46.4912829))",infrastructure
областная больница,"POLYGON((30.7906789 46.5833795, 30.7895083 46.584097, 30.7882884 46.5831673, 30.7885108 46.5830275, 30.7872818 46.5821125, 30.787423 46.5820257, 30.7869724 46.5816872, 30.7887201 46.580965, 30.7890249 46.5812186, 30.7901936 46.5805681, 30.7905442 46.5808716, 30.7912878 46.5805044, 30.7927476 46.5819475, 30.7927274 46.5821185, 30.7906789 46.5833795))",infrastructure
Привокзальная пл.,"POLYGON((30.7413654 46.4694515, 30.7416303 46.4694308, 30.7416325 46.4694442, 30.7413676 46.4694649, 30.7413654 46.4694515))",infrastructure
Привокзальная площадь,"POLYGON((30.7408978 46.4694581, 30.7402913 46.4689114, 30.7403368 46.4685907, 30.740603 46.4683549, 30.7410688 46.4684275, 30.7413431 46.4687555, 30.7412585 46.4691385, 30.7408978 46.4694581))",infrastructure
Привокзальный сквер,"POLYGON((30.7412047 46.469053, 30.7409191 46.4692481, 30.7405783 46.4692021, 30.7403869 46.4689643, 30.7403911 46.4686501, 30.7406658 46.46847, 30.7410016 46.468517, 30.7412223 46.468795, 30.7412047 46.469053))",infrastructure
1-й Заливной,"LINESTRING(30.7248008 46.5049022, 30.7247901 46.5051385)",street
10 Апреля,"POLYGON((30.7563505 46.439791, 30.7564711 46.4403469, 30.7567286 46.4406063, 30.7573771 46.4404648, 30.7572752 46.4396071, 30.7563505 46.439791))",street
2 застава,POINT(30.68636 46.46634),street
2 столба|Два столба|2 столбов,"POLYGON((30.61548 46.4865584, 30.6157891 46.4863655, 30.6158966 46.4864439, 30.6175321 46.4859716, 30.6178101 46.4861049, 30.6169415 46.4911018, 30.6148532 46.4908267, 30.6153808 46.4882039, 30.6151582 46.4881799, 30.6153017 46.4873867, 30.614967 46.4873203, 30.6149936 46.4870962, 30.61548 46.4865584))",street
25я|25ая|Чапаевской дивизии|25 дивизии|25 чап|чапаевская|Инглези|Чепаевская,"LINESTRING(30.7150706 46.4192855, 30.7143776 46.4196616, 30.7140166 46.4198414, 30.7108882 46.4213979, 30.7102096 46.4217283, 30.7067551 46.4234149, 30.7066332 46.4234165, 30.7054501 46.4235012, 30.7036399 46.4247399, 30.7004018 46.4259629, 30.696772 46.4282238, 30.6953923 46.429852, 30.6950656 46.4303202, 30.6949542 46.4304763, 30.69489 46.430566)",street
411|411ая|411я|батарея,"LINESTRING(30.7245224 46.371199, 30.7239215 46.3718172)",street
7 км|7км,POINT(30.6402739 46.4419476),market
7 небо,"POLYGON((30.6382 46.45513, 30.63389 46.45595, 30.63325 46.45418, 30.63367 46.45154, 30.63465 46.45008, 30.63254 46.44884, 30.63336 46.44513, 30.63726 46.44626, 30.63647 46.44856, 30.64212 46.45074, 30.6453 46.45093, 30.64483 46.45551, 30.64137 46.45676, 30.6382 46.45513))",street
7 Пересыпская,"LINESTRING(30.7209071 46.5381234, 30.7257828 46.5374895)",street
7 самураев|Семь самураев|Сім самураїв,"POLYGON((30.7104360 46.4876742, 30.7100926 46.4879540, 30.7097305 46.4881609, 30.7088923 46.4884176, 30.7085731 46.4881165, 30.7090855 46.4869300, 30.7095324 46.4866658, 30.7104360 46.4876742))",street
7-я Пересыпская,"LINESTRING(30.7323056 46.5321204, 30.7320884 46.5319802)",street
8 марта,"LINESTRING(30.7138689 46.5467256, 30.7144356 46.5463668, 30.7153606 46.5460778, 30.7210335 46.5449044, 30.7258667 46.5434426)",street
STVOL,"POLYGON((30.7220961 46.4235137, 30.7225784 46.423209, 30.7226372 46.4232533, 30.7221772 46.4235438, 30.7220961 46.4235137))",street
Абрикосовая,"LINESTRING(30.7440929 46.3935498, 30.7399517 46.4007021)",street
Авиационная,"LINESTRING(30.7215087 46.4526689, 30.7213952 46.4454246)",street
Аграрная,"POLYGON((30.7173837 46.5517958, 30.7131956 46.5508824, 30.7123561 46.5504111, 30.7173837 46.5517958))",street
Агрономическая,"LINESTRING(30.6947575 46.4905283, 30.6912068 46.4901541, 30.6889945 46.4903783, 30.6887969 46.4896519, 30.6884821 46.4894889, 30.6812394 46.4901647, 30.6807097 46.4903298, 30.6746802 46.4940642, 30.6659132 46.4950791, 30.654722 46.495991)",street
Адмиральский,"LINESTRING(30.7253715 46.4377133, 30.7265902 46.4375851, 30.7264923 46.4377879, 30.7270693 46.4375399, 30.7282217 46.4374317, 30.7288301 46.4375664, 30.7307827 46.4373814, 30.7414628 46.4361764, 30.7444782 46.43726)",street
Азарова,"POLYGON((30.7594444 46.4660057, 30.7593006 46.465711, 30.759678 46.4657284, 30.7596603 46.4659997, 30.7594444 46.4660057))",street
Академическая,"LINESTRING(30.7566549 46.4405733, 30.7435183 46.4425026)",street
академия спорта,"POLYGON((30.6601763 46.4738232, 30.6604673 46.4736329, 30.6606001 46.4737363, 30.657854 46.4754377, 30.6566304 46.4732598, 30.6592992 46.4727628, 30.6599 46.4732579, 30.6598196 46.4736015, 30.6601763 46.4738232))",street
академия холода,"POLYGON((30.7320569 46.487651, 30.7308365 46.486895, 30.732164 46.4858878, 30.7324092 46.4860216, 30.7321684 46.4862858, 30.7323193 46.4863729, 30.7323094 46.4868429, 30.7327389 46.4871249, 30.7320569 46.487651))",street
Аккордная,"LINESTRING(30.6976173 46.4607553, 30.6977603 46.4595606, 30.697971 46.4590771, 30.698134 46.4569835)",street
Александровский|Проспект Мира,"LINESTRING(30.7337809 46.4699804, 30.734304 46.4735663)",street
Аллея Славы,"LINESTRING(30.7595879 46.4777138, 30.7611465 46.4790601)",street
Альтаировский|Альтаир,"MULTIPOLYGON(((30.7260138 46.421864, 30.7257112 46.422819, 30.7253065 46.4227579, 30.7256082 46.4218032, 30.7260138 46.421864)),((30.7253656 46.4237733, 30.7254581 46.4235033, 30.7263212 46.4237045, 30.7262073 46.4239103, 30.7253656 46.4237733)))",street
Амбулаторная,"LINESTRING(30.7071019 46.3550008, 30.7022569 46.3548922)",street
Амурская,"LINESTRING(30.622649 46.4830855, 30.6303027 46.4797899)",street
Анатра|Вишневского|Генерала Вишневского,"LINESTRING(30.6950656 46.4303202, 30.6953663 46.4302611, 30.6962817 46.4298858, 30.6967922 46.4296646, 30.6980254 46.4291457, 30.6983394 46.4290135, 30.6997697 46.4283974, 30.7002174 46.4282045, 30.7002909 46.4281729, 30.7011863 46.4277871, 30.7018143 46.4275290)",street
Ангарская,"LINESTRING(30.6175544 46.4734769, 30.6150748 46.4856752, 30.6151988 46.4862451)",street
Андижон,"POLYGON((30.7583882 46.4361578, 30.7579471 46.4360569, 30.7580316 46.4358814, 30.7584727 46.4359822, 30.7583882 46.4361578))",street
Андреевского,"LINESTRING(30.7152924 46.500988, 30.7144805 46.4986855)",street
Арбузная,"LINESTRING(30.7426415 46.4124389, 30.7447988 46.4111735)",street
аркадийская аллея,"POLYGON((30.7664357 46.4284586, 30.7619545 46.4303867, 30.7616436 46.4306582, 30.7664357 46.4284586))",street
Аркадийский,"LINESTRING(30.7560443 46.4273897, 30.7614261 46.4247451)",street
Аркадия,POINT(30.7609722 46.431944),street
Аркадия Плаза,"POLYGON((30.760502 46.4313313, 30.7603346 46.4313248, 30.7594028 46.4303285, 30.7594782 46.4301567, 30.7609959 46.4295348, 30.7615103 46.4298822, 30.7614616 46.4301484, 30.760502 46.4313313))",street
Арт-Шат,"POLYGON((30.6804141 46.4452737, 30.6804138 46.4452003, 30.6806692 46.4451996, 30.6806696 46.4452731, 30.6804141 46.4452737))",street
Артезианская,"LINESTRING(30.6937449 46.4726868, 30.6958016 46.4718315)",street
Артем,"POLYGON((30.7534465 46.4294573, 30.7532602 46.4299855, 30.7530707 46.4299377, 30.753257 46.4294095, 30.7534465 46.4294573))",street
Артиллерийская,"LINESTRING(30.7286494 46.4524881, 30.7296959 46.4522856, 30.7312818 46.4519626, 30.7346393 46.4512945, 30.7362742 46.4509705, 30.739004 46.450567)",street
Архитекторская,"LINESTRING(30.7155642 46.3831629, 30.7212852 46.3844873)",street
Архитектурная,"LINESTRING(30.7444733 46.4140092, 30.7509011 46.4146138)",street
Ассоль,"POLYGON((30.76608 46.4279317, 30.765959 46.4276819, 30.7662179 46.4275186, 30.7663011 46.4278803, 30.76608 46.4279317))",street
Асташкина,"POLYGON((30.7235117 46.4790162, 30.7240004 46.4772249, 30.7250159 46.4762751, 30.7235117 46.4790162))",street
Астрономическая,"LINESTRING(30.7381223 46.4235626, 30.7351448 46.4251216)",street
Атамана Чепиги,"POLYGON((30.7199944 46.4977509, 30.7211639 46.5008685, 30.7206765 46.5046474, 30.7199944 46.4977509))",street
Атриум,POINT(30.808405 46.583144),street
Афина,"POLYGON((30.7358811 46.4825621, 30.7358914 46.4831994, 30.7353421 46.4832326, 30.7352517 46.4825017, 30.7356002 46.4823975, 30.7358811 46.4825621))",street
ахматовой,"LINESTRING(30.7386945 46.4045625, 30.7397795 46.4047122)",street
Ашхабадская,"LINESTRING(30.6439842 46.4689345, 30.647109 46.4667639)",street
Аэродромная,"LINESTRING(30.6281139 46.4829088, 30.6328357 46.4808674, 30.6329312 46.4806161)",street
Б Арнаутская|Большая Арнаутская|Чкалова,"LINESTRING(30.7257518 46.4736596, 30.7251394 46.4737027, 30.7536084 46.4716928)",street
Бабушкина,"LINESTRING(30.7346652 46.3927034, 30.7418056 46.3907581)",street
Багрицкого,"LINESTRING(30.7125025 46.4471934, 30.7265046 46.4404599)",street
Бадаева,"LINESTRING(30.6996704 46.4993088, 30.6992619 46.4998524, 30.6982402 46.5004138, 30.6930252 46.5008944, 30.6894257 46.501451)",street
Бажана,"LINESTRING(30.6881164 46.4516729, 30.6854869 46.4528115)",street
база моряков,"POLYGON((30.7632997 46.4416468, 30.7611313 46.4407274, 30.7622123 46.438136, 30.7627888 46.437829, 30.7631779 46.4378791, 30.7629901 46.438234, 30.7638162 46.438441, 30.7629096 46.4399012, 30.7633176 46.4400267, 30.7630964 46.4402665, 30.764031 46.4406819, 30.7634564 46.4412456, 30.7635238 46.441391, 30.7632997 46.4416468))",street
Байкальская,"LINESTRING(30.7341702 46.3878322, 30.7331278 46.3858185)",street
Балковская|Фрунзе,"LINESTRING(30.7046929 46.4545161, 30.7061622 46.4549429, 30.7064685 46.4587271, 30.7065432 46.4680784, 30.7061281 46.4750732, 30.7078503 46.4796506, 30.7085654 46.4836115, 30.7091691 46.4857404, 30.7115335 46.4882986, 30.7135673 46.4919045, 30.716148 46.4945988, 30.7172946 46.4959206, 30.7174703 46.4963939, 30.7200198 46.4972244, 30.7231105 46.4971466)",street
Бассейная,"LINESTRING(30.7323324 46.4564887, 30.7316818 46.456764, 30.7297201 46.458315, 30.7293698 46.4584342)",street
Батуринская,"POLYGON((30.6438081 46.470759, 30.6482847 46.4675949, 30.6488173 46.4667129, 30.6490616 46.4658783, 30.6438081 46.470759))",street
Бахмутская,"LINESTRING(30.7773349 46.571468, 30.7835969 46.5829802)",street
Бахчевая,"LINESTRING(30.619108 46.465959, 30.625797 46.4662072)",street
Баштанная,"POLYGON((30.7521883 46.4161904, 30.7509011 46.4146138, 30.7500002 46.4129881, 30.7497564 46.4122704, 30.7500145 46.4109181, 30.7521883 46.4161904))",street
Белинского,"LINESTRING(30.754246 46.474501, 30.7532757 46.4702214, 30.7526248 46.4677311)",street
 Береговая,"LINESTRING(30.6554948 46.5453408, 30.6564379 46.5442159, 30.6595158 46.5423876, 30.6601713 46.5423029, 30.6631579 46.5426359, 30.6637489 46.5423595, 30.66396 46.541838)",street
Березовка|Березівка,POINT(30.571 46.576),village
Бернардацци,"LINESTRING(30.7547727 46.4196977, 30.7556646 46.4184992, 30.7591439 46.4148971, 30.7600333 46.4135368)",street
Берёзовая,"LINESTRING(30.7261984 46.4190025, 30.7334275 46.4191157)",street
Бессарабская,"POLYGON((30.6464748 46.473344, 30.6471839 46.473601, 30.6491711 46.4727194, 30.6464748 46.473344))",street
Бехтерева,"POLYGON((30.6954876 46.4907733, 30.6953096 46.4899103, 30.6982788 46.4856797, 30.6954876 46.4907733))",street
Бирюкова,"LINESTRING(30.672274 46.4695988, 30.6717945 46.4687805)",street
Богдана Хмельницкого|Богдана,"LINESTRING(30.7135482 46.4625391, 30.727028 46.4708162, 30.7273141 46.47104, 30.7277349 46.4719699)",street
Богуна,"LINESTRING(30.6926626 46.4531001, 30.6891793 46.4491102)",street
Болгарская,"LINESTRING(30.7209442 46.4639425, 30.7160086 46.4607734)",street
Болградская,"LINESTRING(30.6464748 46.473344, 30.6516049 46.4697375)",street
Большевик,"POLYGON((30.7203961 46.537433, 30.7211095 46.5368104, 30.7219119 46.5372125, 30.7213969 46.5376238, 30.7209645 46.5374063, 30.720748 46.53761, 30.7203961 46.537433))",street
Боровского,"LINESTRING(30.6728993 46.4823596, 30.6633779 46.4847983, 30.6625419 46.485145, 30.6618258 46.4851702, 30.6542444 46.4871389, 30.6541519 46.4881855, 30.6536443 46.4888077, 30.6529247 46.4888952, 30.6496951 46.4904311, 30.6480055 46.4910641)",street
Бортнянского,"LINESTRING(30.7132614 46.4479915, 30.7192813 46.44512)",street
Ботанический сад,"POLYGON((30.7597546 46.44419, 30.7609744 46.4446046, 30.7617833 46.4434122, 30.7644379 46.4442606, 30.7641101 46.4457299, 30.7637025 46.4467436, 30.7615546 46.4463692, 30.7615029 46.4460419, 30.7590291 46.4453959, 30.7597546 46.44419))",street
бочарова,"LINESTRING(30.7868866 46.5922384, 30.8023268 46.5850067, 30.8122005 46.5816397)",street
Брестская,"LINESTRING(30.6689193 46.4694979, 30.674683 46.4680514)",street
Бреуса,"LINESTRING(30.707226 46.4531764, 30.7103071 46.4507608, 30.7268465 46.4428542)",street
Бригадна,"LINESTRING(30.735721 46.4342262, 30.7469872 46.4278895, 30.7515472 46.4255833)",street
БРСМ-Нафта,"POLYGON((30.6134166 46.4930351, 30.6134522 46.4928741, 30.6136217 46.4928919, 30.613586 46.4930529, 30.6134166 46.4930351))",street
Бугаёвская|Бугаевка|Бугаевская,"LINESTRING(30.7064767 46.4765735, 30.7053538 46.4761163, 30.703063 46.4745072, 30.6964802 46.4704062, 30.695432 46.4681792, 30.6947767 46.4658108)",street
бунина,"LINESTRING(30.7322459 46.481606, 30.7484131 46.4804704)",street
Буревестник,"POLYGON((30.751203 46.3930329, 30.7510432 46.3930362, 30.7510212 46.3925357, 30.751181 46.3925324, 30.751203 46.3930329))",street
Вадатурского,"LINESTRING(30.6980431 46.4508978, 30.7130569 46.443585, 30.7127008 46.4437589)",street
Ванный,"LINESTRING(30.75993 46.41273, 30.7592 46.41257, 30.75829 46.4129, 30.75748 46.41319, 30.75554 46.41388, 30.75423 46.41442, 30.75377 46.41471)",street
Варадеро,"POLYGON((30.7561499 46.4025066, 30.7565639 46.4023567, 30.7573331 46.4031074, 30.7569127 46.4032088, 30.7561499 46.4025066))",street
Варненская|Варянская,"LINESTRING(30.725262 46.431982, 30.7108206 46.4210059, 30.7088415 46.4190774, 30.7083557 46.4192395)",street
ВДВ,"POLYGON((30.7180726 46.4292444, 30.7183727 46.4290387, 30.7185539 46.4291438, 30.7182429 46.429361, 30.7180726 46.4292444))",street
Великодолинское|Большая долина|Акаржа|Аккаржа|Акарж,"POLYGON((30.5865013 46.3618535, 30.5862942 46.3634553, 30.5873403 46.3659318, 30.5898079 46.3684786, 30.5811538 46.3621763, 30.5765331 46.361971, 30.5725185 46.3602499, 30.5663466 46.3524892, 30.5626482 46.3504309, 30.5591181 46.3495298, 30.5545074 46.3436985, 30.5507093 46.3464314, 30.5518198 46.3406025, 30.5568795 46.3365311, 30.5361638 46.33327, 30.5357196 46.3264262, 30.5506557 46.3263128, 30.556047 46.3245421, 30.5736364 46.3268093, 30.5800524 46.3359435, 30.58789 46.3302239, 30.5973885 46.3304431, 30.6009364 46.3352841, 30.6001686 46.3392231, 30.5937397 46.3446923, 30.5904367 46.3485554, 30.5860897 46.3537028, 30.5865464 46.3558262, 30.5868119 46.3606196, 30.5865013 46.3618535))",town
Венгера,"LINESTRING(30.7152781 46.3622741, 30.712535 46.3602744)",street
Веры Фигнер,"LINESTRING(30.714031 46.443132, 30.7170744 46.4462024)",street
Веры Холодной,"LINESTRING(30.7307147 46.4817269, 30.7321803 46.4810882)",street
Весенняя,"LINESTRING(30.7169251 46.4475861, 30.7129807 46.4436544)",street
Вестерн,"POLYGON((30.7675297 46.4307299, 30.7673331 46.4304698, 30.767504 46.4303067, 30.7677767 46.4304224, 30.7675886 46.4305505, 30.7677908 46.4306361, 30.7675297 46.4307299))",street
Весёлая,"LINESTRING(30.70827 46.3590334, 30.7081814 46.3632602)",street
Ветеранов,"POLYGON((30.7870309 46.5597016, 30.7904398 46.5600889, 30.7921933 46.5601312, 30.7929902 46.5600395, 30.7941856 46.5595814, 30.7952751 46.5594697, 30.7870309 46.5597016))",street
Ветрогонова,"LINESTRING(30.6963055 46.493164, 30.6995997 46.4881304)",street
Вечерний Баку,"POLYGON((30.7129351 46.4034609, 30.7129727 46.4033148, 30.7133149 46.4033567, 30.7132772 46.4035029, 30.7129351 46.4034609))",street
Виктория,"POLYGON((30.747724 46.4741879, 30.7475619 46.474268, 30.7475436 46.4741613, 30.7476887 46.4741526, 30.747724 46.4741879))",street
Вильямса,"LINESTRING(30.73316 46.39015, 30.7235604 46.3914288, 30.723216 46.3911983, 30.7203022 46.3909114, 30.7150137 46.3900946, 30.7135116 46.389722, 30.7050569 46.3885809)",street
Винницкая,"LINESTRING(30.624218 46.4719155, 30.6243583 46.4689185)",street
Виноградная,"LINESTRING(30.639341 46.4956432, 30.6394419 46.4918546)",street
Вице-адмирала Жукова,"LINESTRING(30.7748148 46.5682093, 30.7718764 46.5625451)",street
Вишнёвая,"LINESTRING(30.7684976 46.5656068, 30.7669537 46.5698117)",street
Водопроводная,"LINESTRING(30.7293698 46.4584342, 30.7298541 46.4592631, 30.7382746 46.4685241)",street
Военный спуск,"LINESTRING(30.7359879 46.486786, 30.737101 46.4877845, 30.7373691 46.491168)",street
Волна,"POLYGON((30.8019163 46.5832883, 30.8025356 46.5830814, 30.8027845 46.5834334, 30.8024346 46.5835946, 30.8025973 46.5838249, 30.8023533 46.5839064, 30.8019163 46.5832883))",street
Воробьева|Воробьёва,"LINESTRING(30.6959875 46.4960191, 30.6952395 46.4915714, 30.6930018 46.4805197, 30.6916985 46.4795203)",street
Вузовский,"POLYGON((30.7269208 46.4116273, 30.7270084 46.4111854, 30.7271387 46.4110231, 30.7273131 46.411062, 30.7274615 46.4114803, 30.7269208 46.4116273))",street
вузовский,"POLYGON((30.7249429 46.4129238, 30.7246388 46.4126326, 30.7248151 46.4125454, 30.72512 46.4128374, 30.7249429 46.4129238))",street
Вымпел,"POLYGON((30.7316277 46.4368182, 30.7315788 46.4364119, 30.731777 46.4363923, 30.7318887 46.4367925, 30.7316277 46.4368182))",street
высокий,"LINESTRING(30.7225131 46.4649079, 30.7253505 46.4627932, 30.7271105 46.462234, 30.7273519 46.4622204, 30.7274843 46.4623869, 30.7321072 46.4619044, 30.7322184 46.4617649, 30.7323244 46.4618813)",street
высоцкого,"LINESTRING(30.7997618 46.5811502, 30.8090543 46.578019)",street
Выставочная,"LINESTRING(30.6992937 46.4815169, 30.6933758 46.4819686)",street
Вячеслава Черновола,"LINESTRING(30.7491142 46.4719491, 30.7486466 46.4690053)",street
Гаваи,"POLYGON((30.7639892 46.4293378, 30.7635628 46.4294219, 30.763277 46.4290985, 30.7650876 46.4284199, 30.7660975 46.428137, 30.7661835 46.42826, 30.7660274 46.4284632, 30.7639892 46.4293378))",street
Гаванная,"LINESTRING(30.7358681 46.4852969, 30.7359879 46.486786)",street
Гагарина,"LINESTRING(30.7380223 46.4518145, 30.7394251 46.4525709, 30.7507231 46.4569752)",street
Гагаринн Плаза,"POLYGON((30.7617925 46.432121, 30.7613168 46.4320094, 30.7614975 46.4316435, 30.7622983 46.4318314, 30.7621176 46.4321973, 30.7617925 46.432121))",street
гагаринское плато,"POLYGON((30.7667568 46.4301141, 30.7671086 46.4309055, 30.7646328 46.4317202, 30.7652931 46.43288, 30.7629454 46.4340179, 30.7625161 46.4341853, 30.7615451 46.4341754, 30.7604586 46.4330092, 30.7667568 46.4301141))",street
Гайдара,"LINESTRING(30.7004018 46.4259629, 30.7154427 46.4424623)",street
Гаркавого,"LINESTRING(30.7021041 46.3602143, 30.7066565 46.360287)",street
Геллера,"LINESTRING(30.7471871 46.4238427, 30.7329024 46.4317961)",street
Ген Петрова|Генерала Петрова,"LINESTRING(30.694644 46.4421411, 30.6947584 46.440504, 30.6949956 46.4396632, 30.6952848 46.4390135, 30.6957223 46.4382874, 30.6964692 46.4373518, 30.6971433 46.4367079, 30.6984563 46.435734, 30.6991115 46.4353627, 30.7014307 46.4343318, 30.7030776 46.4336183, 30.7040571 46.433177, 30.7061705 46.4322901, 30.7084961 46.4312811, 30.7106614 46.4303341, 30.7124582 46.4295308, 30.713878 46.4286869, 30.7160523 46.4272731, 30.7174996 46.426295, 30.7187525 46.425494, 30.7207004 46.4242244, 30.7211407 46.4239463)",street
Генуэзская,"LINESTRING(30.7564245 46.4395578, 30.7567489 46.4389387, 30.7573285 46.438375, 30.7571709 46.4389692)",street
Гераневая,"POLYGON((30.732189 46.4353009, 30.73252 46.4356443, 30.7333105 46.4394795, 30.732189 46.4353009))",street
Героев Обороны|Сталинграда,"LINESTRING(30.786447 46.581756, 30.77721 46.5650412)",street
Героев Пограничников|героив прикордонникив,"LINESTRING(30.7304845 46.4360227, 30.7351867 46.4337703)",street
Гимназическая,"LINESTRING(30.7448029 46.4679394, 30.7449916 46.4683456, 30.7455731 46.4722048)",street
Глазунова,"LINESTRING(30.7315099 46.4216385, 30.7341476 46.420175)",street
Глиняная,"LINESTRING(30.716989 46.4426545, 30.7197584 46.4412538)",street
Глухой мост,"POLYGON((30.7167946 46.4968225, 30.7169144 46.4968536, 30.716847 46.4969765, 30.7167272 46.4969454, 30.7167946 46.4968225))",street
глушко,"LINESTRING(30.7075111 46.3970624, 30.7221021 46.3986917, 30.7242314 46.3987502, 30.7248662 46.3989996, 30.731612 46.3997229)",street
Говорова,"LINESTRING(30.7498664 46.4386816, 30.7500359 46.4414468, 30.7499745 46.4449228, 30.747437 46.4493449, 30.7467396 46.449764, 30.7452778 46.451751, 30.7447993 46.4520292)",street
Гоголя,"LINESTRING(30.7356093 46.490712, 30.7356181 46.4888651)",street
Головковская,"LINESTRING(30.7085557 46.4707726, 30.7084508 46.4682482, 30.7085686 46.4607987)",street
Гольфстрим,"POLYGON((30.7596667 46.5502433, 30.7597996 46.550068, 30.7602199 46.5502188, 30.7601113 46.550362, 30.7596667 46.5502433))",street
гор сад|горсад,POINT(30.734328 46.485296),street
Горбатый,"POLYGON((30.7046929 46.4545161, 30.7049971 46.4533917, 30.7051703 46.4534206, 30.7047808 46.4545307, 30.7046929 46.4545161))",street
горсовет,"POLYGON((30.7439929 46.4854236, 30.7442513 46.4855579, 30.7446218 46.4853531, 30.7440014 46.4859191, 30.7434958 46.4856564, 30.7438387 46.4853435, 30.7439929 46.4854236))",street
Горячие перцы,"POLYGON((30.7226161 46.4010726, 30.7224023 46.4010438, 30.7224737 46.4007842, 30.7226902 46.400815, 30.7226161 46.4010726))",street
Градоначальницкая,"LINESTRING(30.7213333 46.4814159, 30.7213872 46.4812758, 30.7213987 46.4812778, 30.7213448 46.481418, 30.7213333 46.4814159, 30.7216748 46.4808818, 30.72168 46.4808827, 30.7216511 46.4809629, 30.7216459 46.480962, 30.7216748 46.4808818)",street
Гранитная,"POLYGON((30.7080009 46.3979919, 30.7070551 46.3982563, 30.7078741 46.400999, 30.7080009 46.3979919))",street
греческая,"LINESTRING(30.7485429 46.4823182, 30.7481565 46.4822411, 30.7481383 46.4821206, 30.7485091 46.4820941)",street
Грузинская,"LINESTRING(30.6541325 46.465171, 30.6542791 46.4634176)",street
Грушевского,"LINESTRING(30.6767401 46.4888575, 30.6886916 46.4803267, 30.6896978 46.4799424, 30.6918904 46.4794671, 30.6956067 46.4772026, 30.6968864 46.4767068, 30.6989981 46.4764917, 30.7013416 46.4769519)",street
Гумилева,"LINESTRING(30.7408799 46.3844814, 30.7366081 46.3834134)",street
Давида Бурлюка,"LINESTRING(30.7547157 46.4050553, 30.7469689 46.4039559)",street
Давида Ойстраха,"LINESTRING(30.7930916 46.5820968, 30.7887613 46.5848357)",street
Дальницкая,"LINESTRING(30.6857069 46.466395, 30.6889623 46.4662813, 30.7065881 46.4648479, 30.7135362 46.4644445)",street
Дальницкое шоссе,"LINESTRING(30.6436671 46.4752617, 30.6442863 46.4753973, 30.6638492 46.471498)",street
Дачное,"POLYGON((30.56852 46.56427, 30.56311 46.57009, 30.55534 46.57621, 30.55738 46.57728, 30.56518 46.5827, 30.55949 46.58701, 30.55771 46.58695, 30.55758 46.59126, 30.55744 46.59422, 30.55833 46.59978, 30.55914 46.60211, 30.55714 46.60519, 30.55116 46.60299, 30.54768 46.60231, 30.54497 46.60235, 30.54433 46.60066, 30.54182 46.59707, 30.53902 46.59536, 30.53716 46.59268, 30.53972 46.59, 30.53548 46.58967, 30.52786 46.5885, 30.53613 46.5867, 30.53992 46.58474, 30.53053 46.58681, 30.53022 46.58089, 30.53425 46.57477, 30.53893 46.57167, 30.54275 46.57406, 30.54637 46.57271, 30.54458 46.56997, 30.54417 46.56901, 30.54312 46.56632, 30.54077 46.56268, 30.54351 46.56023, 30.5447 46.55701, 30.54549 46.55406, 30.54485 46.55121, 30.54746 46.5513, 30.54712 46.55925, 30.54884 46.56132, 30.55377 46.56489, 30.5583 46.56355, 30.56143 46.56458, 30.56593 46.56387, 30.56852 46.56427))",street
Дворец Спорта,"POLYGON((30.7592196 46.4462072, 30.7590201 46.4462178, 30.7592841 46.4457273, 30.7608314 46.4459951, 30.7606412 46.4464902, 30.7591859 46.4463017, 30.7592196 46.4462072))",street
Дворянская,"POLYGON((30.7254948 46.4838292, 30.7255699 46.4838758, 30.7254761 46.4838435, 30.7254948 46.4838292))",street
Деволановская,"LINESTRING(30.7474792 46.4852293, 30.7496059 46.4854026, 30.7551414 46.4833175)",street
Деволановский спуск,"LINESTRING(30.7457787 46.477731, 30.7454112 46.4792259, 30.7467118 46.4844858)",street
Дегтярная,"POLYGON((30.7223878 46.4812855, 30.723315 46.4797801, 30.7264383 46.4770661, 30.7223878 46.4812855))",street
Дельфин,"POLYGON((30.768769 46.4540122, 30.7685379 46.4539949, 30.7685118 46.4541494, 30.7684603 46.4541494, 30.7683915 46.4543388, 30.7683191 46.4543484, 30.7682516 46.45457, 30.7681717 46.4547013, 30.768128 46.4546924, 30.7681202 46.4547403, 30.7682292 46.4548761, 30.768266 46.4548738, 30.7682748 46.4549906, 30.7682799 46.4552053, 30.7682819 46.4552568, 30.7682828 46.4552789, 30.7682935 46.4554415, 30.768323 46.4555191, 30.7682051 46.4557684, 30.7681866 46.4558788, 30.7683099 46.4558873, 30.7684223 46.4559159, 30.7684639 46.455986, 30.7684824 46.4560358, 30.768487 46.4560825, 30.7684435 46.4565415, 30.768667 46.4565478, 30.7686691 46.4565272, 30.7686921 46.4563552, 30.7686426 46.4562396, 30.7685809 46.4559726, 30.7685316 46.4558049, 30.7685135 46.4556927, 30.7685578 46.4555195, 30.7685163 46.4554022, 30.768623 46.455394, 30.7687149 46.45539, 30.7686995 46.455234, 30.768697 46.4551843, 30.7686919 46.4550807, 30.7686565 46.454878, 30.7686482 46.4548011, 30.7686426 46.4547485, 30.7686711 46.4547258, 30.7687079 46.4547235, 30.7687469 46.4547008, 30.7687705 46.4545999, 30.7687397 46.454377, 30.7687427 46.4541743, 30.768752 46.4540321, 30.768769 46.4540122))",street
Дельфинарий Немо|Немо,"POLYGON((30.764985 46.4772159, 30.7650761 46.4768879, 30.7654053 46.4769024, 30.7653826 46.4771711, 30.764985 46.4772159))",street
Демченко,"POLYGON((30.7212961 46.3750156, 30.7176568 46.3734841, 30.7150626 46.3726836, 30.7212961 46.3750156))",street
Дерби,POINT(30.816508 46.570934),street
Деревянко,"POLYGON((30.7050742 46.4424752, 30.7037255 46.4430315, 30.7034035 46.4429608, 30.7030546 46.4425908, 30.7031979 46.4423158, 30.7048828 46.4415092, 30.7054936 46.4415353, 30.7057787 46.4418247, 30.7057423 46.4420724, 30.7050742 46.4424752))",street
Державина,"LINESTRING(30.774592 46.5625525, 30.7745048 46.5623893)",street
Дерибасовская,"LINESTRING(30.7450355 46.4836383, 30.7326414 46.4845323)",street
десантный|десантний,"POLYGON((30.7939903 46.5736733, 30.7926992 46.5741023, 30.7893849 46.5766781, 30.7939903 46.5736733))",street
Дидрихсона,"LINESTRING(30.7108305 46.4826685, 30.7192474 46.4833492, 30.7199087 46.4837354)",street
Дмитриевская,"LINESTRING(30.7263391 46.4179874, 30.7397234 46.4187348, 30.7410485 46.4191314, 30.7421657 46.4196839, 30.7430245 46.4194696)",street
Дмитрия Донского,"LINESTRING(30.7430245 46.4194696, 30.7455814 46.4184105, 30.7520295 46.4165478)",street
Днепро|Семёна Палия|днепродорога,"LINESTRING(30.788814 46.565938, 30.8077448 46.5924919, 30.8075073 46.5930286)",street
Днепровская,"LINESTRING(30.77721 46.5650412, 30.7739762 46.5591817)",street
Днестровская,"LINESTRING(30.6649421 46.4658647, 30.6660311 46.4684576)",street
Добровольского|Добро,"LINESTRING(30.7719356 46.55734, 30.7731153 46.5598484, 30.7812336 46.5746371, 30.785142 46.5816689, 30.7855088 46.5818373, 30.80259 46.595343)",street
Довженко,"LINESTRING(30.75235 46.45471, 30.75915 46.4570529)",street
Доковая,"POLYGON((30.7371955 46.4365821, 30.7368422 46.4344832, 30.7390742 46.4331931, 30.7371955 46.4365821))",street
Долгая,"LINESTRING(30.733968 46.3992153, 30.7363648 46.3972714, 30.7393943 46.3941373, 30.7413131 46.391803, 30.7420823 46.3901401, 30.7428387 46.3891006, 30.7443432 46.3883411, 30.7460329 46.3862194)",street
Долинская,"LINESTRING(30.7298729 46.5349212, 30.724184 46.5319099)",street
Дом мебели,"POLYGON((30.7046464 46.4432981, 30.7046059 46.4429172, 30.7052978 46.4428823, 30.7053383 46.4432631, 30.7046464 46.4432981))",street
Дом офицеров,"POLYGON((30.7510676 46.4635539, 30.7514963 46.4635302, 30.7515344 46.4638579, 30.7508883 46.4638936, 30.7508646 46.4636896, 30.751082 46.4636776, 30.7510676 46.4635539))",street
Дом Руссова,"POLYGON((30.7313971 46.4849537, 30.7321435 46.4847336, 30.7321865 46.4850283, 30.732106 46.4848897, 30.7313971 46.4849537))",street
Донецкая,"LINESTRING(30.7780166 46.564845, 30.7759016 46.5609506)",street
Донорская,"POLYGON((30.7411583 46.4533755, 30.740528 46.4540693, 30.738575 46.4542277, 30.7411583 46.4533755))",street
Дорожная,"LINESTRING(30.6930252 46.5008944, 30.6937073 46.5044884)",street
Дофиновка,"POLYGON((30.9142 46.57441, 30.91678 46.57429, 30.91798 46.57571, 30.92351 46.5773, 30.92675 46.57886, 30.92456 46.58283, 30.92148 46.5873, 30.91451 46.58873, 30.90665 46.59195, 30.8996 46.59136, 30.90003 46.58678, 30.90109 46.58154, 30.90362 46.57801, 30.90428 46.57561, 30.90454 46.57412, 30.89977 46.5726, 30.90492 46.57312, 30.91153 46.57389, 30.9142 46.57441))",street
Дубовая,"POLYGON((30.6971019 46.4455676, 30.6959759 46.444484, 30.6957468 46.4440326, 30.6955802 46.4435993, 30.6956992 46.4421656, 30.6971019 46.4455676))",street
Думская,"POLYGON((30.7433451 46.485734, 30.7434809 46.4856617, 30.7441513 46.4860882, 30.7436556 46.4862028, 30.7433209 46.4860466, 30.7433451 46.485734))",street
Дунайская,"LINESTRING(30.6188262 46.4724559, 30.6190541 46.4695413)",street
Дюк,"POLYGON((30.7415629 46.4860929, 30.7413176 46.4861088, 30.7412926 46.485954, 30.7415415 46.4859378, 30.7415629 46.4860929))",street
Дюковская,"LINESTRING(30.7113067 46.4811, 30.7108305 46.4826685, 30.7103881 46.4847133, 30.7104791 46.4848471)",street
Дюковский,"POLYGON((30.7000043 46.4802717, 30.7073512 46.4798356, 30.7080559 46.4839524, 30.707702 46.4843841, 30.7040356 46.4856002, 30.7026204 46.4841656, 30.7027283 46.484115, 30.7020444 46.4831484, 30.7007963 46.4817002, 30.7000043 46.4802717))",street
Еврейская,"LINESTRING(30.748031 46.477571, 30.7380491 46.4782722, 30.7318515 46.4787178)",street
Екатерининская|европейская,"LINESTRING(30.7388473 46.4840973, 30.7389789 46.4850767, 30.7364395 46.4678902)",street
Елизаветинская|Елисаветинская,"LINESTRING(30.7280243 46.4909557, 30.7329909 46.4870066)",street
Епицентр|Эпицентр,"POLYGON((30.7963413 46.5758168, 30.7964692 46.5757724, 30.7966327 46.5759943, 30.7965039 46.5760381, 30.7963413 46.5758168))",street
Ефимова,"LINESTRING(30.7144926 46.4527943, 30.7141399 46.4489215, 30.7102234 46.4449705)",street
Жаботинского,"LINESTRING(30.7405537 46.4297721, 30.7314592 46.4219673, 30.7316392 46.42004)",street
Жасминная,"LINESTRING(30.7387434 46.4198551, 30.7356735 46.4214964)",street
Жванецкого,"LINESTRING(30.7285088 46.4938028, 30.7302635 46.4931324, 30.7335904 46.4912722, 30.7351383 46.4910306, 30.7356093 46.490712)",street
Жевахова,"MULTILINESTRING((30.7275199 46.5372231, 30.7275315 46.5373398, 30.7275131 46.5374247, 30.7274541 46.5375203, 30.7272095 46.5377532, 30.7268141 46.5380824, 30.7261588 46.538714, 30.7256232 46.5392184, 30.7250579 46.5397741, 30.7245882 46.5402392, 30.7239616 46.5408433, 30.723417 46.5413641, 30.7233533 46.54139, 30.723226 46.5414033), (30.7342265 46.5366247, 30.7338775 46.5367249, 30.7337289 46.5367578, 30.7317249 46.536951, 30.7295995 46.5371754), (30.7279011 46.5374389, 30.7277332 46.5375487, 30.7270013 46.5382565, 30.7264065 46.5388231, 30.7257728 46.5394175, 30.7249541 46.5402423, 30.7243052 46.5408482, 30.7237347 46.5414646, 30.7231398 46.5420296, 30.7228764 46.5423026, 30.7226123 46.5425702, 30.7219206 46.5432536, 30.7216209 46.5435443, 30.7209767 46.5441838, 30.720949 46.5441975, 30.7195882 46.5446571, 30.7194315 46.5446618, 30.7181946 46.5450535, 30.7174071 46.5453194), (30.723226 46.5414033, 30.7231413 46.5416692, 30.7228957 46.5419673, 30.722543 46.5422032, 30.7224512 46.5422934, 30.7223738 46.5424315, 30.7221869 46.5426324, 30.7217575 46.5428812), (30.7295995 46.5371754, 30.7280857 46.5373719, 30.7279011 46.5374389))",street
Желябова,"POLYGON((30.6978411 46.4594315, 30.6983414 46.4592368, 30.7050241 46.4592059, 30.6978411 46.4594315))",street
Жемчужная,"LINESTRING(30.7063227 46.3806314, 30.7100196 46.381245, 30.7104898 46.3815149, 30.7117511 46.3814961, 30.7123083 46.3819811, 30.7130969 46.3823336, 30.713427 46.3827173, 30.7146729 46.3827699, 30.7155642 46.3831629)",street
Житкова,"LINESTRING(30.6663244 46.4749497, 30.6672352 46.47493, 30.6676929 46.4747329, 30.6698864 46.4750941, 30.671594 46.4751873, 30.6729287 46.4739721, 30.6731563 46.4739535)",street
Житомирская,"LINESTRING(30.6845777 46.4580847, 30.6831198 46.4591845, 30.6812815 46.4596841, 30.6578033 46.4624141, 30.6532103 46.4624736)",street
ЖК Манхеттен,"POLYGON((30.7256723 46.4317453, 30.7256285 46.431721, 30.7257556 46.4316741, 30.7256723 46.4317453))",street
Жолио Кюри,"LINESTRING(30.77258 46.5663, 30.773542 46.568502, 30.775462 46.575619, 30.777876 46.585264, 30.786529 46.592409, 30.790217 46.595504)",street
Жукова|небесной|маршала Жукова,"LINESTRING(30.7076802 46.3968564, 30.7079065 46.3971229, 30.7079611 46.3972676, 30.7081055 46.3977683, 30.7082962 46.3983959, 30.7083789 46.3987033, 30.7092769 46.4006694, 30.7105857 46.4048858, 30.7106171 46.4049935, 30.7129463 46.41224, 30.7143923 46.416896, 30.7146635 46.4178656, 30.7148043 46.4183538, 30.7148791 46.4186559, 30.7150706 46.4192855)",street
жуковского,"LINESTRING(30.7481944 46.4790408, 30.7317298 46.4800914)",street
Жюли Лассан|макаренко,"POLYGON((30.7440355 46.3949363, 30.7444578 46.3941796, 30.7452259 46.3943097, 30.7452122 46.395484, 30.7450581 46.3959127, 30.7440355 46.3949363))",street
Заболотного,"LINESTRING(30.7767273 46.5854661, 30.7786933 46.5849504, 30.7847009 46.5825392, 30.7849272 46.582179, 30.7973818 46.5771366)",street
Закарпатская,"LINESTRING(30.7108206 46.5512301, 30.7115588 46.5510031, 30.7127847 46.5499569, 30.7136664 46.5496057, 30.7160698 46.5478199, 30.7196305 46.5478373, 30.7216055 46.5488992)",street
заливной|1й заливной,"LINESTRING(30.7226305 46.5047399, 30.7247684 46.5048322)",street
Залюбки,"POLYGON((30.7430856 46.4009191, 30.7430686 46.4009754, 30.7427643 46.4009317, 30.7427813 46.4008755, 30.7430856 46.4009191))",street
Заньковецкой|Занковецкая,"LINESTRING(30.7068158 46.4591642, 30.7064874 46.4591889)",street
Запорожская,"LINESTRING(30.7169598 46.4671292, 30.7209442 46.4639425)",street
Заречная,"LINESTRING(30.7610507 46.4176666, 30.7591675 46.418686)",street
Заславского,"LINESTRING(30.7294709 46.4763135, 30.7288533 46.4719975)",street
Затерянный мир,"POLYGON((30.7395511 46.4097063, 30.7396342 46.4094051, 30.74089 46.4095541, 30.7408134 46.4098577, 30.7395511 46.4097063))",street
Затонского|ойстраха,"LINESTRING(30.7823622 46.5889023, 30.793098 46.582092)",street
Звёздная,"LINESTRING(30.765085 46.5703556, 30.7704196 46.5710134)",street
Звёздный|Звездный,"POLYGON((30.7823637 46.5743144, 30.7818273 46.5733556, 30.7847375 46.5725904, 30.7853296 46.5734994, 30.7823637 46.5743144))",street
Зелёная Балка,"POLYGON((30.6991099 46.356554, 30.6989303 46.3571852, 30.6990168 46.3580931, 30.6991099 46.356554))",street
Зелёная Горка,"LINESTRING(30.6964265 46.3557049, 30.6972128 46.3547932)",street
Зерновая,"LINESTRING(30.6187462 46.4676422, 30.6254073 46.4679666)",street
Зерновой,"LINESTRING(30.7403273 46.5386662, 30.7401465 46.5385089, 30.7403518 46.5386528)",street
Зои Космодемьянской,"LINESTRING(30.6960596 46.3496824, 30.6958786 46.3517949, 30.6927866 46.351536, 30.6913992 46.3515892)",street
Золотий берег,"LINESTRING(30.747266 46.390151, 30.7481067 46.3894886, 30.7482658 46.3890527, 30.7493506 46.3885322, 30.7502483 46.3884442, 30.7503944 46.3884179, 30.750479 46.3885987, 30.7510961 46.3886091, 30.7518107 46.3885709, 30.7510575 46.3881803, 30.7508227 46.3881821, 30.7508195 46.3879795, 30.7510544 46.3879778, 30.7515691 46.3872189)",street
ЗОНТ,"POLYGON((30.70772 46.3932303, 30.7073492 46.3920177, 30.7083433 46.3918432, 30.7084461 46.3921652, 30.7077529 46.3922692, 30.7079474 46.3928463, 30.7086402 46.3927374, 30.7087478 46.3930741, 30.70772 46.3932303))",street
ЗОР|зором|роял пицца,"LINESTRING(30.7262921 46.517771, 30.7264075 46.5181245)",street
Зоринская,"LINESTRING(30.6990662 46.4800837, 30.6930018 46.4805197)",street
Ибица,"POLYGON((30.7664155 46.4281697, 30.7665991 46.4280553, 30.7668116 46.4282172, 30.766628 46.4283316, 30.7664155 46.4281697))",street
ибица,"POLYGON((30.7667541 46.4275498, 30.7676481 46.428156, 30.7674544 46.4284317, 30.7669 46.4282353, 30.7666452 46.4284202, 30.7662776 46.4281795, 30.7665417 46.4279879, 30.7663303 46.4278434, 30.7667541 46.4275498))",street
Ивана Франко,"LINESTRING(30.7410312 46.4334686, 30.7434935 46.4321422)",street
Ивановский мост,"LINESTRING(30.6892894 46.4601851, 30.6870117 46.4589765, 30.6834797 46.457782, 30.682406 46.4572723)",street
Иверский монастырь,"POLYGON((30.7109624 46.4066303, 30.7109392 46.4065716, 30.7108304 46.4062998, 30.7108721 46.4062925, 30.7109624 46.4066303))",street
Игоря Иванова,"LINESTRING(30.6717945 46.4687805, 30.6710649 46.4674327)",street
Идеал,"POLYGON((30.6966391 46.4701878, 30.6970756 46.4698556, 30.6987109 46.4708749, 30.6982744 46.4712071, 30.6966391 46.4701878))",street
Известковая|вапняная,"LINESTRING(30.7099658 46.4932273, 30.7109981 46.4946074, 30.7099269 46.4959139, 30.7097853 46.4969668, 30.7099627 46.4972937, 30.7066653 46.5013847, 30.706358 46.5015878, 30.6998781 46.503496, 30.6932452 46.5058553, 30.6923426 46.5064242, 30.6903897 46.5085182, 30.690218 46.5089539, 30.690218 46.5098916, 30.6900554 46.5101685, 30.6897315 46.5102337, 30.6838172 46.5090191, 30.6809377 46.5107403, 30.6795793 46.51125, 30.675365 46.5107135, 30.6743608 46.5108368)",street
Ильичевск|Ильич|Черноморск|Чорноморск|Ильичёвск|Илич,"POLYGON((30.66313 46.29496, 30.66356 46.2967, 30.66521 46.29949, 30.6664 46.30122, 30.66727 46.30233, 30.66854 46.30384, 30.66993 46.30555, 30.67119 46.30674, 30.67081 46.30734, 30.66833 46.30754, 30.6658 46.30783, 30.66041 46.31084, 30.65178 46.31679, 30.64629 46.32017, 30.64216 46.31939, 30.63991 46.31906, 30.63835 46.3186, 30.63523 46.31757, 30.63409 46.31312, 30.63493 46.30719, 30.63944 46.30866, 30.64174 46.30527, 30.63942 46.3054, 30.63379 46.30496, 30.62652 46.30486, 30.63521 46.30361, 30.63514 46.30144, 30.63641 46.30139, 30.63679 46.30347, 30.63858 46.30333, 30.63882 46.3026, 30.63974 46.30261, 30.63968 46.30164, 30.63835 46.29989, 30.63602 46.29647, 30.631 46.29538, 30.63614 46.29346, 30.64416 46.29373, 30.64467 46.28857, 30.645 46.28808, 30.6455 46.28788, 30.64504 46.28506, 30.6454 46.28313, 30.64806 46.28326, 30.64914 46.28366, 30.65127 46.28315, 30.65259 46.28266, 30.65389 46.28429, 30.65568 46.28595, 30.65745 46.28727, 30.65925 46.28795, 30.66093 46.28803, 30.66199 46.28797, 30.6631 46.28856, 30.66098 46.28874, 30.6611 46.28967, 30.66217 46.29027, 30.66274 46.28961, 30.66371 46.28854, 30.66456 46.28933, 30.66342 46.28965, 30.66287 46.29037, 30.66312 46.29143, 30.66323 46.29205, 30.66359 46.29307, 30.66348 46.2938, 30.66326 46.29479, 30.66313 46.29496))",town
ильфа,"LINESTRING(30.7155642 46.3831629, 30.7140052 46.3864177, 30.7139406 46.3872471, 30.7141188 46.3882487, 30.7158052 46.3934404, 30.7159412 46.3943856, 30.7129978 46.4052704)",street
Инбер,"LINESTRING(30.7550818 46.4735948, 30.7588651 46.4726398)",street
Институт Филатова,"POLYGON((30.7601743 46.4553232, 30.7611193 46.4532316, 30.764069 46.4539704, 30.7641061 46.4550647, 30.7646735 46.4551193, 30.7639134 46.4562912, 30.7621522 46.4558015, 30.7622033 46.4556784, 30.761651 46.4556872, 30.7601743 46.4553232))",street
Инто-Сана,"POLYGON((30.7220007 46.4060738, 30.7222817 46.4061092, 30.7222199 46.406342, 30.7219389 46.4063065, 30.7220007 46.4060738))",street
Интосана,"POLYGON((30.7247156 46.4319857, 30.7244281 46.432188, 30.7242624 46.4319752, 30.7241339 46.4320657, 30.723726 46.4317904, 30.7239141 46.4316581, 30.7243748 46.431969, 30.7245295 46.4318601, 30.7247156 46.4319857))",street
Иосифа Тимченко,"POLYGON((30.7402478 46.38745, 30.7405443 46.3872677, 30.7453672 46.3871741, 30.7402478 46.38745))",street
Ипподром,"POLYGON((30.738325 46.4450304, 30.7381193 46.4444744, 30.7383403 46.4444355, 30.7385461 46.4449916, 30.738325 46.4450304))",street
Испанская,"LINESTRING(30.6899003 46.4782028, 30.6956039 46.4747045)",street
Итака,"POLYGON((30.7678411 46.4290803, 30.7675412 46.4288656, 30.76766 46.4285948, 30.7677835 46.4286695, 30.7676902 46.4288543, 30.7678211 46.4289452, 30.7679502 46.4288354, 30.768046 46.428979, 30.7678411 46.4290803))",street
Итальянский бульвар,"LINESTRING(30.7382746 46.4685241, 30.740603 46.4683549)",street
Июльская,"LINESTRING(30.6510034 46.4674931, 30.6510406 46.4632944)",street
Кавказская,"LINESTRING(30.7139702 46.5528544, 30.7144781 46.5507086)",street
Казанская,"LINESTRING(30.6208387 46.4687456, 30.6205968 46.4725034)",street
Кактус,"POLYGON((30.7142534 46.3875101, 30.7144937 46.3876539, 30.7143512 46.3877672, 30.7141109 46.3876234, 30.7142534 46.3875101))",street
Калетон,"POLYGON((30.7694639 46.4516809, 30.7688806 46.4516466, 30.7689115 46.451313, 30.7697456 46.4506839, 30.7702593 46.4505453, 30.7696875 46.4508924, 30.7694639 46.4516809))",street
Калиновая,"LINESTRING(30.7569945 46.4298383, 30.7561886 46.4310155)",street
Каманина,"LINESTRING(30.7655896 46.4274395, 30.7626206 46.4258718, 30.7603857 46.4237836, 30.7553707 46.4224224, 30.7530222 46.4235135)",street
Камышовая,"POLYGON((30.6951235 46.3566721, 30.6953435 46.3565879, 30.6957981 46.3555206, 30.6962561 46.3538592, 30.6951235 46.3566721))",street
Канатная,"LINESTRING(30.7441332 46.4545004, 30.7442316 46.4550662, 30.7443566 46.455468, 30.7447305 46.4577296, 30.745122 46.4601077, 30.7453131 46.4612534, 30.7455146 46.4624727, 30.745754 46.463931, 30.7458277 46.4644616, 30.7461169 46.4663222, 30.7464076 46.4678, 30.7465424 46.4683125, 30.7467407 46.4697255, 30.7469536 46.4710809, 30.7471103 46.4720857, 30.7473963 46.4738659, 30.7476168 46.475238, 30.7477624 46.4761446, 30.7480041 46.4776617, 30.7482612 46.4794704, 30.7484131 46.4804704, 30.7485954 46.4817224, 30.7486244 46.4819377)",street
Кандинский,"POLYGON((30.7642351 46.4509306, 30.7635382 46.450845, 30.7634417 46.4506677, 30.7635269 46.4505649, 30.7642887 46.4508186, 30.7642351 46.4509306))",street
Кандинского,"LINESTRING(30.6744251 46.467524, 30.6714722 46.468191)",street
Канцмаркет,"POLYGON((30.7480026 46.4751815, 30.7477084 46.4752027, 30.7476981 46.4751287, 30.7479869 46.4750818, 30.7480026 46.4751815))",street
Капитана Кузнецова,"LINESTRING(30.7796711 46.5629318, 30.7831426 46.5692876)",street
Карантинная,"LINESTRING(30.7461792 46.4762546, 30.7466545 46.4791367)",street
Карантинный спуск,"POLYGON((30.7467118 46.4844858, 30.7466489 46.4845647, 30.7466236 46.4845858, 30.7465939 46.4845989, 30.746556 46.4846081, 30.7464818 46.4846191, 30.7467118 46.4844858))",street
Каркашадзе,"POLYGON((30.7529343 46.4661858, 30.7526177 46.4667197, 30.7521752 46.4667437, 30.7518695 46.4664241, 30.7520894 46.4663354, 30.7524622 46.4665442, 30.7527089 46.4661323, 30.7529343 46.4661858))",street
Карпатская,"LINESTRING(30.6451121 46.4656913, 30.6451984 46.4629664)",street
Картамышевская,"LINESTRING(30.7167355 46.4701543, 30.7085557 46.4707726)",street
Карышковского,"POLYGON((30.7190164 46.536794, 30.7206319 46.5377864, 30.723226 46.5414033, 30.7190164 46.536794))",street
Качалова,"LINESTRING(30.689221 46.4438423, 30.6945596 46.4439684)",street
Качинского,"LINESTRING(30.7450355 46.4836383, 30.7448158 46.4822123)",street
Каштановая,"LINESTRING(30.7465278 46.4419822, 30.7462846 46.4413176)",street
Керченская,"LINESTRING(30.7821585 46.5636808, 30.774428 46.5597713, 30.7742498 46.5597964, 30.787047 46.572523)",street
Кибальчича,"POLYGON((30.7163587 46.4420098, 30.7193018 46.4449837, 30.7192813 46.44512, 30.7163587 46.4420098))",street
киностудия,"POLYGON((30.7568174 46.4597815, 30.7572847 46.4592216, 30.7574527 46.4592872, 30.7573478 46.4594147, 30.7576288 46.4595244, 30.7573903 46.4598143, 30.7568174 46.4597815))",street
Кирпичная,"LINESTRING(30.6728111 46.5122982, 30.6712174 46.5118788)",street
Китобойная,"LINESTRING(30.7444733 46.4140092, 30.7442706 46.4148818, 30.7431873 46.4147865, 30.7427448 46.4149437, 30.7278109 46.4135865)",street
Кишинёвская,"LINESTRING(30.783155 46.562648, 30.782157 46.563681, 30.782023 46.563759, 30.78191 46.56381, 30.780376 46.564223, 30.778016 46.564847, 30.776551 46.565201, 30.776138 46.565308, 30.775822 46.565404, 30.775334 46.565525, 30.774497 46.565754, 30.772871 46.566149, 30.772716 46.566193, 30.772614 46.56623)",street
Клеверный,POINT(30.61422 46.51576),street
Кленовая,"LINESTRING(30.7464954 46.4410513, 30.7475276 46.4407556)",street
Клиновая,"POLYGON((30.6520786 46.470072, 30.6458739 46.4659638, 30.6442623 46.4653873, 30.6520786 46.470072))",street
клюшка,"POLYGON((30.7201325 46.4168011, 30.7201134 46.4167838, 30.7203119 46.4167073, 30.7201325 46.4168011))",street
книжка,"POLYGON((30.7347699 46.4783879, 30.7345955 46.4771413, 30.7350232 46.477113, 30.7351976 46.4783595, 30.7347699 46.4783879))",street
Княжеская,"POLYGON((30.719503 46.493121, 30.7194912 46.4931229, 30.7194384 46.4929733, 30.7194502 46.4929713, 30.719503 46.493121))",street
Ковалевского,"LINESTRING(30.7199046 46.3684548, 30.7208878 46.3676164, 30.7267891 46.3704971, 30.7273084 46.3706401, 30.7275736 46.3706246, 30.7294086 46.3717072, 30.7401275 46.3794387, 30.7408221 46.38013, 30.7418233 46.3811586, 30.7451684 46.3848805, 30.7452513 46.3850019, 30.7460329 46.3862194, 30.7460015 46.3902879, 30.7461332 46.3904759)",street
Колоническая,"LINESTRING(30.6997398 46.4654062, 30.7001535 46.4679778)",street
Колоннада,"POLYGON((30.7383642 46.4907139, 30.7386275 46.4906521, 30.7387074 46.4906833, 30.7385468 46.4907568, 30.7383642 46.4907139))",street
Колонтаевская,"LINESTRING(30.7236374 46.4754928, 30.7217235 46.4757357, 30.707031 46.4766183)",street
Кольцевая,"POLYGON((30.7470236 46.4200497, 30.744687 46.417352, 30.7455665 46.4153071, 30.7463765 46.4146349, 30.7465104 46.4141875, 30.7470236 46.4200497))",street
Комарова,"LINESTRING(30.721183 46.423979, 30.71791 46.4214745, 30.7150706 46.4192855)",street
Комитетская,"LINESTRING(30.7138517 46.4682349, 30.71398 46.4680835, 30.7141791 46.4682308, 30.7141985 46.4682617, 30.7150864 46.4689122, 30.7163235 46.4698456, 30.7167355 46.4701543, 30.7177405 46.4709392, 30.7187463 46.4717267, 30.7195295 46.472319, 30.7202061 46.4728512)",street
комсомольская|cтаропортофранковская,"LINESTRING(30.7200523 46.4954075, 30.719682 46.4935348, 30.7187428 46.4905334, 30.718823 46.4897285, 30.7194427 46.4874345, 30.7227572 46.4773481, 30.7236374 46.4754928, 30.7257518 46.4736596, 30.7258034 46.4731262, 30.7277349 46.4719699, 30.7282832 46.470386, 30.7281994 46.4689781, 30.7303785 46.46872)",street
Кондрашина,"LINESTRING(30.7501678 46.4267882, 30.7474153 46.4318889)",street
Кондренко,"LINESTRING(30.6927688 46.4530562, 30.6933306 46.4537011)",street
Конная,"LINESTRING(30.7295662 46.4918056, 30.7209939 46.4868415)",street
Корвин,"POLYGON((30.737343 46.4850089, 30.7373576 46.4851026, 30.7371721 46.4851171, 30.7371533 46.4849845, 30.737343 46.4850089))",street
Кордонная|кардоная,"LINESTRING(30.6980431 46.4508978, 30.6830977 46.4571959)",street
Коровицкого,"LINESTRING(30.6898156 46.5022479, 30.6899137 46.5020982, 30.688831 46.5004099, 30.6881189 46.498476, 30.6877593 46.4940165, 30.6862123 46.4896849)",street
королева|королёва,"LINESTRING(30.7212852 46.3844873, 30.7221294 46.3848911, 30.7223843 46.3851866, 30.7236717 46.3919147, 30.7238627 46.3913914, 30.7239766 46.3918851, 30.7239276 46.3924572, 30.7242026 46.3942093, 30.7236888 46.3982501, 30.7233681 46.3985412, 30.7232226 46.3992282, 30.7233044 46.3995423, 30.7202795 46.4105242, 30.7200914 46.4122629, 30.7204866 46.4139093, 30.7216892 46.4158978, 30.724922 46.4183278)",street
Косвенная,"LINESTRING(30.7126443 46.4682115, 30.7124201 46.4686857, 30.7121005 46.4704787, 30.7119212 46.4714526, 30.7117486 46.4723893, 30.7117379 46.4724532, 30.7115155 46.4737835, 30.7113454 46.4748414, 30.7116941 46.4762731, 30.7119536 46.4776514, 30.7113239 46.4776539, 30.7113146 46.4794852, 30.7113292 46.4796634, 30.7114714 46.4796663, 30.7116366 46.4809994, 30.7116414 46.4811035)",street
Космонавтов,"LINESTRING(30.7251053 46.4377333, 30.7054367 46.4243192, 30.7050349 46.4242154)",street
Косовская,"LINESTRING(30.7215212 46.4542481, 30.7274957 46.4542703)",street
Костанди,"LINESTRING(30.713551 46.4033234, 30.7191354 46.4040295, 30.7210603 46.4050587, 30.7217486 46.4051378, 30.7226773 46.4045224, 30.7557022 46.4086495)",street
Кострова,"LINESTRING(30.6838407 46.4455835, 30.6867906 46.4457845)",street
Котляревского,"LINESTRING(30.6733507 46.4942543, 30.6790083 46.497362)",street
Крайняя,"LINESTRING(30.6444064 46.4629511, 30.6438747 46.4696446, 30.6436671 46.4752617)",street
Красивая,"POLYGON((30.6986596 46.3478305, 30.6987061 46.3484151, 30.6990413 46.3484425, 30.6986596 46.3478305))",street
Красная,"POLYGON((30.7632442 46.5538353, 30.761347 46.5565185, 30.7609289 46.5568185, 30.7632442 46.5538353))",street
Краснова,"LINESTRING(30.7286898 46.4301975, 30.7293808 46.4304278, 30.733269 46.4493207, 30.7348932 46.4505884, 30.7362742 46.4509705, 30.7378807 46.4517413)",street
Красноселка,POINT(30.77614 46.623569),street
Краснослободская,"LINESTRING(30.6950253 46.490636, 30.7045902 46.4936001, 30.7072291 46.4938042, 30.7110467 46.4930786)",street
красный крест|кр крест,POINT(30.728846 46.453751),street
Краян,"POLYGON((30.6616948 46.4333973, 30.663728 46.433403, 30.6638074 46.4359197, 30.6622786 46.4359123, 30.6623537 46.4337163, 30.6614149 46.4337496, 30.6614095 46.4334168, 30.6616948 46.4333973))",street
крематорий,"POLYGON((30.688866 46.3926451, 30.6892038 46.3926789, 30.6891755 46.3928135, 30.6889106 46.3928465, 30.688866 46.3926451))",street
Кренкеля,"POLYGON((30.7618311 46.451521, 30.7646279 46.452045, 30.7638438 46.453902, 30.7618311 46.451521))",street
Кривобалковская,"LINESTRING(30.6956158 46.4908182, 30.6986019 46.4862004)",street
Крушельницкого,"LINESTRING(30.6801967 46.4923978, 30.6751908 46.4952159)",street
Крыжановка|5ая крыжановка,POINT(30.78901 46.56594),street
Крылова,"POLYGON((30.6959205 46.495718, 30.6963852 46.4954319, 30.7004044 46.4893129, 30.6959205 46.495718))",street
Крым,"POLYGON((30.7691135 46.431272, 30.769351 46.4312023, 30.7695484 46.4315322, 30.7692276 46.4314476, 30.7691135 46.431272))",street
Крымская,"LINESTRING(30.7870533 46.5725334, 30.7906509 46.578927)",street
Кузнечная,"LINESTRING(30.7224882 46.4826436, 30.7306326 46.4762193)",street
Куйбышева|Старорезничная,"LINESTRING(30.7368514 46.4705201, 30.7307792 46.4709953)",street
Куликово|Куликовом|Куликовский|2 куликовский|2й куликовский|2-й куликовский,"POLYGON((30.7422865 46.4678301, 30.7420346 46.467649, 30.7415577 46.4648895, 30.7453688 46.4645963, 30.7457845 46.464782, 30.7460129 46.466611, 30.7442224 46.4678505, 30.7424907 46.4679692, 30.7422865 46.4678301))",street
Куницы,"LINESTRING(30.6904369 46.4862193, 30.6898575 46.4831022)",street
Куприна,"LINESTRING(30.7539549 46.4116323, 30.7535118 46.4108776, 30.7507824 46.4110181, 30.7394517 46.4097112)",street
Курганная,"LINESTRING(30.6196737 46.4735575, 30.6199333 46.4686981)",street
Курсантская лестница,"LINESTRING(30.7087852 46.4834291, 30.7106418 46.4836452)",street
Курская,"LINESTRING(30.7719939 46.56102, 30.7756367 46.567985)",street
Кустанайская,"LINESTRING(30.661612 46.4619687, 30.6622525 46.4645565)",street
Куяльник,"LINESTRING(30.7262933 46.5615421, 30.7262248 46.5615228)",street
куяльник,POINT(30.735358 46.556654),street
Куяльницкий мост,"POLYGON((30.7345561 46.5563204, 30.7345752 46.5562826, 30.7352444 46.5564425, 30.7351224 46.5566841, 30.7344531 46.5565242, 30.7345561 46.5563204))",street
Лавочная,"POLYGON((30.702282 46.497757, 30.7049209 46.4946429, 30.7052237 46.4936571, 30.702282 46.497757))",street
Лазарева,"LINESTRING(30.7275559 46.4661683, 30.7175973 46.4597767, 30.7162062 46.4594776)",street
Ланжерон,"POLYGON((30.7645328 46.4715988, 30.76506 46.4715027, 30.7649372 46.4712357, 30.7648149 46.4710331, 30.7645697 46.470689, 30.7643835 46.4704425, 30.7640887 46.4700521, 30.7639182 46.4697273, 30.763673 46.4692255, 30.7635096 46.4688186, 30.7632784 46.4687994, 30.7632714 46.468936, 30.7631687 46.4691387, 30.7631593 46.4694459, 30.7634886 46.4699991, 30.763592 46.4701851, 30.7637898 46.470541, 30.7638324 46.4706016, 30.7645328 46.4715988))",street
Ланжероновская,"LINESTRING(30.744708 46.48472, 30.7358681 46.4852969)",street
Латвийский спуск,"LINESTRING(30.7066541 46.4974157, 30.7082166 46.4961251, 30.7089578 46.4951178, 30.7093211 46.4949286)",street
Левадная,"POLYGON((30.7032081 46.4906839, 30.7003186 46.4892539, 30.6993749 46.4877453, 30.7032081 46.4906839))",street
Левитана,"LINESTRING(30.6930908 46.4077765, 30.7049615 46.4089509, 30.7053845 46.4072034, 30.7086503 46.4056491, 30.7100068 46.4050441, 30.7105857 46.4048858, 30.7113589 46.4051032, 30.7129978 46.4052704, 30.7158136 46.4056451, 30.7214266 46.4064363, 30.7232416 46.4066631, 30.7292446 46.4074858, 30.7298697 46.4076354)",street
Левкойная,"POLYGON((30.7364285 46.4221537, 30.7404395 46.4199267, 30.7410485 46.4191314, 30.7364285 46.4221537))",street
Леонтовича,"LINESTRING(30.7532757 46.4702214, 30.7526248 46.4677311)",street
Леси Украинки,"LINESTRING(30.7773932 46.5620482, 30.7795585 46.5661321)",street
Летний театр,"POLYGON((30.771879 46.5565346, 30.7722598 46.5562137, 30.7726461 46.5562948, 30.7726327 46.5565696, 30.772402 46.556708, 30.771879 46.5565346))",street
Летняя,"LINESTRING(30.6937073 46.5044884, 30.6930944 46.5043658)",street
Лидерсовский бульвар,"POLYGON((30.7537824 46.4723315, 30.7552933 46.4737882, 30.7553738 46.4744584, 30.7558993 46.4748016, 30.756784 46.475085, 30.75952 46.4775446, 30.7537824 46.4723315))",street
Лиманная,"LINESTRING(30.7246348 46.5652157, 30.7255449 46.5634491, 30.7261939 46.5612587, 30.7278827 46.5592081, 30.733058 46.55794, 30.7346795 46.5566388, 30.7349378 46.5562433, 30.7362211 46.5565408)",street
Лиманчик,"POLYGON((30.7050532 46.5239937, 30.7054987 46.5234929, 30.7067685 46.5240276, 30.706323 46.5245284, 30.7050532 46.5239937))",street
Лиственная,"LINESTRING(30.698774 46.5001246, 30.6985157 46.498973)",street
Литературная,"MULTILINESTRING((30.7620665 46.4195315, 30.7607416 46.4199036, 30.7604771 46.4199866, 30.7603531 46.4200255), (30.7587389 46.4183223, 30.7591675 46.418686, 30.7597398 46.4191696, 30.7600754 46.4194563, 30.7602981 46.4196471, 30.7603424 46.4198256, 30.7603531 46.4200255), (30.7603531 46.4200255, 30.7601446 46.4200909, 30.7600863 46.4201082, 30.7600226 46.4201271, 30.7599533 46.4201476, 30.7587681 46.4205456, 30.758032 46.4209718, 30.7560986 46.4219375, 30.7559011 46.4220295, 30.755239 46.4222781, 30.75521 46.4223172, 30.7552019 46.4223609, 30.7552349 46.4224266))",street
Литовская,"LINESTRING(30.6987573 46.4570018, 30.6884086 46.4565953)",street
Лицей Приморский,"POLYGON((30.740606 46.4541138, 30.7411186 46.4535774, 30.742514 46.4541011, 30.7418136 46.4546441, 30.7409887 46.4540583, 30.7407056 46.4542135, 30.740606 46.4541138))",street
Лобстер,"POLYGON((30.7512485 46.4833846, 30.7510723 46.4833611, 30.7510661 46.4832533, 30.751228 46.4832431, 30.7512485 46.4833846))",street
Локальна,"LINESTRING(30.6214258 46.4846156, 30.6199747 46.4824431)",street
Локомотивная,"POLYGON((30.7384546 46.5412809, 30.7328579 46.5351792, 30.7307727 46.5340297, 30.7384546 46.5412809))",street
Ломоносова,"LINESTRING(30.7721908 46.5648739, 30.7746698 46.564283)",street
Луганская,"LINESTRING(30.7213596 46.4428978, 30.7191399 46.4406366)",street
Луговая,"MULTILINESTRING((30.6726844 46.4672449, 30.6731287 46.4671651, 30.6734847 46.4671175, 30.6739786 46.467089, 30.6741159 46.4670715, 30.67426 46.4670354, 30.6744533 46.4668204, 30.67473 46.4665156, 30.6748262 46.466293, 30.6749586 46.4659927, 30.6750576 46.4657682, 30.6750693 46.4657466, 30.6750888 46.4657299, 30.6752567 46.4656603, 30.6760866 46.4653111, 30.6763122 46.4652264))",street
Лузановка,"POLYGON((30.7593416 46.552229, 30.7608709 46.5504402, 30.7628088 46.5512694, 30.7715997 46.5541306, 30.7700141 46.555309, 30.7698315 46.555631, 30.769302 46.5557051, 30.7593416 46.552229))",street
Лузановская,"POLYGON((30.7398202 46.5413744, 30.7408594 46.5419465, 30.745203 46.5454657, 30.7398202 46.5413744))",street
Лукойл,"POLYGON((30.6765575 46.5162923, 30.6763965 46.5151332, 30.6807176 46.5130419, 30.6796045 46.5120469, 30.681086 46.5111386, 30.6821212 46.5119076, 30.6830239 46.5110919, 30.685354 46.5098302, 30.685695 46.5099031, 30.6863155 46.5095623, 30.6874764 46.5097799, 30.6879597 46.5101609, 30.6883109 46.5106146, 30.6874249 46.5112376, 30.6877381 46.5112008, 30.6886742 46.5119724, 30.6894359 46.5115811, 30.6915817 46.5122272, 30.690541 46.5138109, 30.6908826 46.5140351, 30.6806022 46.5198066, 30.6765575 46.5162923))",street
Лунная,"LINESTRING(30.7300732 46.3827564, 30.7296844 46.3836093, 30.729447 46.3841501, 30.7298579 46.3842163, 30.7291449 46.3850155)",street
Луцкая,"POLYGON((30.7661233 46.5630276, 30.7665597 46.5631138, 30.7672172 46.5642248, 30.7660716 46.5633013, 30.7661233 46.5630276))",street
Льва Симиренко,"POLYGON((30.684711 46.5242564, 30.6816492 46.5227838, 30.6764734 46.5209619, 30.6753581 46.5210651, 30.6742967 46.5214656, 30.684711 46.5242564))",street
Львовская,"LINESTRING(30.7473249 46.4017636, 30.7393596 46.4006072, 30.7340031 46.3993004)",street
Льдинка,"POLYGON((30.7146466 46.4350156, 30.7149935 46.4348646, 30.7157191 46.4356452, 30.7153705 46.4357876, 30.7146466 46.4350156))",street
Людмила,"POLYGON((30.7177642 46.3989665, 30.7178274 46.3987024, 30.7186299 46.3988209, 30.718583 46.399006, 30.7199511 46.3991709, 30.7177642 46.3989665))",street
Люстдорфская|Люсдорская|Черноморская|Люсстдорфской,"LINESTRING(30.72611 46.437846, 30.7288469 46.4293813, 30.723818 46.4257786, 30.7261984 46.4190025, 30.7263931 46.4175062, 30.7321094 46.4013972, 30.7325544 46.3992273, 30.73413 46.3947176, 30.7340674 46.3922045, 30.7331688 46.3902412, 30.732907 46.3888622, 30.7318035 46.3865858)",street
Лядова,"LINESTRING(30.7400713 46.4187802, 30.7408055 46.4147449)",street
Ляпидевского,"LINESTRING(30.7556373 46.4106545, 30.7556474 46.411125)",street
Мавританская арка,"POLYGON((30.7544787 46.4641152, 30.7545571 46.4639662, 30.7546243 46.4639631, 30.7545488 46.464109, 30.7544787 46.4641152))",street
Магистральная,"LINESTRING(30.6282816 46.4690887, 30.6185339 46.4686339)",street
Магнитогорская,"POLYGON((30.7404563 46.3849383, 30.7437217 46.3851954, 30.7446297 46.3850498, 30.7451038 46.3847858, 30.7404563 46.3849383))",street
Майстрова,"POLYGON((30.7164789 46.4811514, 30.7178878 46.4759134, 30.7187873 46.4742068, 30.7164789 46.4811514))",street
МакДоналдс,"POLYGON((30.7496692 46.460206, 30.7493471 46.460226, 30.7493333 46.4601205, 30.7496554 46.4601005, 30.7496692 46.460206))",street
Максима Чайки,"MULTILINESTRING((30.691434 46.4592385, 30.691647 46.4592431, 30.694632 46.4593769, 30.6960185 46.4594247, 30.6976312 46.4594953, 30.6977312 46.4594733, 30.6978411 46.4594315))",street
Малая Арнаутская|Малая,"LINESTRING(30.7277349 46.4719699, 30.7288533 46.4719975, 30.7532757 46.4702214)",street
Малинова,"POLYGON((30.6618818 46.4719097, 30.6592103 46.465715, 30.6588891 46.4636023, 30.6618818 46.4719097))",street
Малиновского,"LINESTRING(30.6980431 46.4508978, 30.7033796 46.4483738, 30.7066356 46.4467468, 30.7102234 46.4449705, 30.7127008 46.4437589, 30.714031 46.443132, 30.7163587 46.4420098, 30.719513 46.4404548, 30.7217382 46.4393624, 30.7222837 46.4391073, 30.7242417 46.4381578, 30.7253715 46.4377133, 30.7262925 46.437802)",street
Малишевского,"POLYGON((30.6870173 46.4419403, 30.6857979 46.4419082, 30.6849623 46.4507529, 30.6870173 46.4419403))",street
Маловского,"LINESTRING(30.7082882 46.4838531, 30.7077703 46.4844618, 30.6993749 46.4877453)",street
Манежна,"POLYGON((30.717079 46.4906877, 30.7170731 46.4898042, 30.7173319 46.4888726, 30.717079 46.4906877))",street
Манежная,"LINESTRING(30.7173319 46.4888726, 30.7185279 46.485525)",street
Маразлиевская,"LINESTRING(30.7507902 46.4827322, 30.7493092 46.4734165)",street
Мариинская,"LINESTRING(30.7487955 46.4642443, 30.7491239 46.4677436)",street
Мариинская гимназия,"POLYGON((30.7272816 46.4811011, 30.7277668 46.4813884, 30.7273688 46.481717, 30.7267746 46.4813671, 30.7271644 46.4810438, 30.7272816 46.4811011))",street
Маристелла,"POLYGON((30.7609503 46.4132833, 30.760739 46.4131102, 30.7613796 46.4130404, 30.7616782 46.4132277, 30.7617407 46.4135096, 30.7615011 46.4137692, 30.7612941 46.4135673, 30.761349 46.4133028, 30.7609503 46.4132833))",street
Мариупольская,"LINESTRING(30.7852617 46.5648222, 30.7862006 46.5665164)",street
Марсельская,"LINESTRING(30.7754912 46.5756118, 30.7975394 46.5698808, 30.799547 46.5698285, 30.8024532 46.5701786, 30.8037341 46.5707017)",street
Маршал,"POLYGON((30.7092725 46.3969449, 30.7088588 46.3968626, 30.7083312 46.3963361, 30.7091923 46.3961409, 30.7093852 46.3962992, 30.7092725 46.3969449))",street
Маршрутная,"LINESTRING(30.7187525 46.425494, 30.7226555 46.4284358)",street
Матроский спуск,"POLYGON((30.71169 46.4884655, 30.7128503 46.4879018, 30.7173913 46.488631, 30.71169 46.4884655))",street
Матюшенко,"LINESTRING(30.6992366 46.4969828, 30.7031271 46.4910182, 30.7032081 46.4906839)",street
Махачкалинская,"LINESTRING(30.7888471 46.594274, 30.7893485 46.5939875, 30.7899746 46.5940852, 30.7923644 46.592848, 30.7924029 46.5931958, 30.7938278 46.5929435, 30.7950014 46.5930359, 30.796834 46.5921752, 30.7972233 46.5924869, 30.8013086 46.5910489, 30.8044611 46.5895663, 30.8043897 46.589163, 30.80487 46.5889569)",street
Мациевской,"LINESTRING(30.6956983 46.4940588, 30.7053618 46.4970133)",street
Мачтовая,"POLYGON((30.7402619 46.435092, 30.7399644 46.4337339, 30.7384711 46.432707, 30.7402619 46.435092))",street
Мегадом,"POLYGON((30.7286642 46.4275438, 30.7289089 46.42741, 30.728627 46.4271664, 30.7294826 46.4266429, 30.7293826 46.4265624, 30.7304666 46.4260634, 30.7322287 46.4276549, 30.730161 46.4288279, 30.7286642 46.4275438))",street
Мегамакс,"POLYGON((30.7252979 46.4182672, 30.7248023 46.4176746, 30.7251962 46.4174334, 30.7258418 46.4179336, 30.7252979 46.4182672))",street
Мелитопольская,"LINESTRING(30.7726131 46.5662304, 30.7735301 46.5684875)",street
Мельницкая,"LINESTRING(30.7135288 46.4607873, 30.6948723 46.4607128, 30.6917733 46.4605985, 30.6892894 46.4601851)",street
Меркурий,"POLYGON((30.7968513 46.5759259, 30.7965848 46.5756772, 30.7961703 46.5758166, 30.7944748 46.5734769, 30.7947602 46.5733509, 30.7958215 46.574831, 30.7959815 46.5747287, 30.7968513 46.5759259))",street
Металлистов,"LINESTRING(30.6978654 46.500443, 30.6975864 46.4989538)",street
МЕТРО,"POLYGON((30.766853 46.5574748, 30.767404 46.5566841, 30.7684621 46.5570492, 30.7677754 46.5577878, 30.766853 46.5574748))",street
метро,"POLYGON((30.6603431 46.4489319, 30.6603263 46.4480359, 30.6623836 46.4480175, 30.662266 46.4485391, 30.6623987 46.4485379, 30.6624057 46.4489135, 30.6603431 46.4489319))",street
Мирная,"LINESTRING(30.6965926 46.4989367, 30.6970198 46.5012556)",street
Михаила Грушевского,"LINESTRING(30.7013416 46.4769519, 30.7028429 46.4773082)",street
Мичурина,"LINESTRING(30.6662142 46.4928368, 30.6593993 46.4935308)",street
Молодая,"POLYGON((30.7698315 46.555631, 30.7700141 46.555309, 30.7717646 46.5539991, 30.780837 46.5563888, 30.7803759 46.557545, 30.7799197 46.5598979, 30.7793828 46.5603854, 30.7699722 46.5558625, 30.7698315 46.555631))",street
Молодёжная,"LINESTRING(30.6365627 46.4643921, 30.6432082 46.464926)",street
Мореходка,"POLYGON((30.7179154 46.4833218, 30.7190528 46.4834189, 30.7197699 46.483704, 30.719148 46.4853267, 30.7184373 46.4854476, 30.7165818 46.4849228, 30.7167495 46.4843946, 30.7174802 46.4844887, 30.7176564 46.4833121, 30.7179154 46.4833218))",street
Мореходная,"MULTILINESTRING((30.7654139 46.4218662, 30.7650776 46.4220499, 30.7643963 46.4222986, 30.7643011 46.4223128, 30.7642037 46.42231, 30.7641106 46.4222903, 30.7636097 46.4221801, 30.7634699 46.4221012, 30.7632985 46.4220044, 30.7629177 46.4217548, 30.7628848 46.4217365), (30.7628848 46.4217365, 30.7628111 46.421926, 30.7628068 46.4219674))",street
Морская,"LINESTRING(30.7577836 46.4673195, 30.7577464 46.4655621)",street
морская академия,"POLYGON((30.7142249 46.4842086, 30.7108611 46.4831889, 30.7109656 46.4827254, 30.7144626 46.4830127, 30.7142249 46.4842086))",street
Морской,"POLYGON((30.6919149 46.3470739, 30.6917992 46.3453809, 30.6939066 46.3453634, 30.6938377 46.3460482, 30.6930694 46.3460482, 30.6928062 46.3471104, 30.6919149 46.3470739))",street
Москва,"POLYGON((30.7181662 46.4287484, 30.7185643 46.4284878, 30.718787 46.4286517, 30.7183931 46.4289099, 30.7181662 46.4287484))",street
Москвич,"POLYGON((30.7787368 46.585913, 30.7782108 46.5853126, 30.7787873 46.5850909, 30.7789517 46.5853126, 30.7788164 46.5855789, 30.7789773 46.5858543, 30.7787368 46.585913))",street
Моторная,"MULTILINESTRING((30.6478107 46.4820559, 30.6472568 46.4817013, 30.6461504 46.4811509, 30.6455119 46.4808018, 30.6437501 46.479948, 30.6428082 46.4794592, 30.6425945 46.4793483, 30.6423638 46.4792286, 30.6412756 46.4786639, 30.640605 46.4783302, 30.6403495 46.4781984, 30.639803 46.477927, 30.6394972 46.4777792), (30.6426291 46.4821785, 30.6417288 46.4821009, 30.639007 46.4818664), (30.639007 46.4818664, 30.6388782 46.4820289, 30.6389748 46.4826643), (30.6437501 46.479948, 30.6435394 46.4803741, 30.6434367 46.4805816, 30.6432113 46.4810149, 30.6428771 46.4816572, 30.6426291 46.4821785))",street
Музкомедия,"POLYGON((30.7504008 46.4686286, 30.7503204 46.4680619, 30.7507966 46.4680298, 30.7508033 46.4680772, 30.7515096 46.4680296, 30.7515408 46.4682497, 30.7515712 46.4684638, 30.7508648 46.4685113, 30.7508769 46.4685965, 30.7504008 46.4686286))",street
Музыкальная,"POLYGON((30.7322473 46.4255247, 30.7316687 46.4255378, 30.7301657 46.424194, 30.7313912 46.4234681, 30.7322473 46.4255247))",street
Мясоедовская,"LINESTRING(30.7187873 46.4742068, 30.7210078 46.4721315, 30.7275443 46.4666018)",street
Мясокомбинат,"LINESTRING(30.7292184 46.5257319, 30.7293136 46.5260004)",street
Набережная,"LINESTRING(30.7298622 46.3682014, 30.7319636 46.369565, 30.7325873 46.3696144, 30.7333624 46.3700498, 30.7381824 46.3730128, 30.7390832 46.3732454)",street
Наклонная,"LINESTRING(30.7717679 46.5572632, 30.7695302 46.5627053)",street
Наливная,"LINESTRING(30.7178065 46.5112786, 30.7220138 46.5231611)",street
Насосная,"POLYGON((30.7223775 46.393956, 30.7223641 46.3938477, 30.722625 46.3938324, 30.7226384 46.3939406, 30.7223775 46.393956))",street
Наталка,"POLYGON((30.7025978 46.4837196, 30.7026666 46.4836997, 30.70285 46.4840024, 30.7027686 46.4840243, 30.7025978 46.4837196))",street
научная библиотека,"POLYGON((30.7264312 46.4917772, 30.7254129 46.491179, 30.7260143 46.4906982, 30.7263059 46.4908626, 30.7269247 46.4913879, 30.7264312 46.4917772))",street
Невского,"LINESTRING(30.7282952 46.4121739, 30.7402597 46.4133543, 30.7420018 46.4136576)",street
Неделина,"LINESTRING(30.734455 46.4331734, 30.7484837 46.4253339)",street
Неждановой,"LINESTRING(30.6914669 46.5011035, 30.6903216 46.4967732, 30.6889945 46.4903783)",street
Нежинская,"LINESTRING(30.7198605 46.4890082, 30.7314085 46.4799134)",street
Немо,"POLYGON((30.7648408 46.4778783, 30.7648754 46.4772046, 30.7653826 46.4771711, 30.7653608 46.4772802, 30.7650322 46.477249, 30.7650876 46.4779019, 30.7648408 46.4778783))",street
Нептун,"POLYGON((30.7863646 46.5926254, 30.7862267 46.5925021, 30.7864115 46.5924044, 30.7865495 46.5925278, 30.7863646 46.5926254))",street
Нескучная,"POLYGON((30.6392553 46.4770694, 30.6381111 46.4757925, 30.63862 46.4694422, 30.6392553 46.4770694))",street
Никитина,"POLYGON((30.7009175 46.4996603, 30.6995804 46.5007196, 30.6974193 46.5015104, 30.6947342 46.5031983, 30.6893756 46.5035444, 30.7009175 46.4996603))",street
Николаевская,"LINESTRING(30.7335228 46.5329392, 30.7552637 46.5509411, 30.7630855 46.5537803, 30.7718535 46.5573099, 30.7725287 46.5573715, 30.7735031 46.5580536)",street
Николаевская дорога,"POLYGON((30.7632442 46.5538353, 30.7695233 46.5559389, 30.7718535 46.5573099, 30.7632442 46.5538353))",street
Николая Аркаса,"LINESTRING(30.6437073 46.4725892, 30.6346748 46.472241)",street
Николая Вороного,"LINESTRING(30.694632 46.4593769, 30.6951263 46.4539998)",street
Николая Михновского,"POLYGON((30.6676517 46.4978504, 30.6590874 46.4976584, 30.6588125 46.4975295, 30.658625 46.4968181, 30.6590393 46.4965114, 30.6590353 46.4956501, 30.6676517 46.4978504))",street
Николая Троицкого,"LINESTRING(30.7199046 46.3684548, 30.7163727 46.3668086, 30.7162422 46.3665208, 30.7162461 46.3650053, 30.716079 46.3648056, 30.7069143 46.3580442, 30.7021306 46.3573931)",street
Нищинского,"POLYGON((30.7107385 46.4832397, 30.7185279 46.485525, 30.7193743 46.4853775, 30.7107385 46.4832397))",street
Новаторов,"LINESTRING(30.7335971 46.4345845, 30.7337651 46.4348301)",street
новая дорога|The most|Земост,"LINESTRING(30.7001600 46.4532840, 30.7002544 46.4541452, 30.7003186 46.4544467, 30.7003727 46.4546306, 30.7004656 46.4548670, 30.7005822 46.4550870, 30.7006663 46.4552571, 30.7007578 46.4554054, 30.7009349 46.4556177, 30.7011682 46.4558817, 30.7021350 46.4568949, 30.7029023 46.4577089, 30.7030131 46.4578135, 30.7030792 46.4578758, 30.7031960 46.4579860, 30.7034379 46.4582190, 30.7037414 46.4584298, 30.7039441 46.4585606)",street
Новгородская,"POLYGON((30.732873 46.4058478, 30.7344548 46.4007839, 30.7356883 46.3984103, 30.732873 46.4058478))",street
Новикова,"POLYGON((30.6801633 46.4622244, 30.681161 46.4634433, 30.6837262 46.4689299, 30.6801633 46.4622244))",street
Новобереговая,"LINESTRING(30.7573733 46.419082, 30.7609407 46.4171116)",street
Новомосковская дорога,"LINESTRING(30.638468 46.4956534, 30.6419761 46.4955781, 30.6460516 46.4948366, 30.646985 46.4948144, 30.6492308 46.4941655)",street
Новосельского,"MULTILINESTRING((30.7198605 46.4890082, 30.7198681 46.488782, 30.7199003 46.488649, 30.7199996 46.4884588, 30.7201532 46.4882079, 30.7202587 46.4880386, 30.7202827 46.4880028, 30.7203562 46.4878869, 30.7204005 46.487815, 30.7204496 46.4877376, 30.7209939 46.4868415, 30.7214757 46.4860497, 30.7216927 46.4857122, 30.7218245 46.4855071, 30.7218953 46.485397), (30.7198673 46.4895336, 30.7198629 46.489194, 30.7198605 46.4890082), (30.7213327 46.494375, 30.7211937 46.4940926, 30.7211507 46.4940045, 30.7206937 46.4931376, 30.7205692 46.4928684, 30.7205135 46.4927571, 30.7204233 46.4925704, 30.7203406 46.4923911, 30.7202779 46.4922596, 30.7201614 46.4919965, 30.7201386 46.4919387), (30.7201386 46.4919387, 30.7200274 46.4914677, 30.7199684 46.4912323, 30.7199652 46.4912166, 30.719881 46.4905301, 30.7198673 46.4895336), (30.7294531 46.4791767, 30.7295732 46.4790842, 30.7297139 46.4789759, 30.7297346 46.4789604, 30.7297537 46.4789448, 30.7298897 46.4788388, 30.7300207 46.4787367, 30.7301306 46.478648, 30.7302323 46.4785658, 30.7303239 46.4784929, 30.7303868 46.4784415, 30.7304211 46.4784135, 30.7306449 46.4782303, 30.7310914 46.477871, 30.7311526 46.4778218, 30.7311633 46.4778123, 30.7312238 46.477764), (30.726496 46.4815812, 30.7267156 46.4814089, 30.7267683 46.4813675, 30.7270698 46.4811206, 30.7272044 46.4810104, 30.7273209 46.480915, 30.727556 46.4807226, 30.7276021 46.4806848, 30.7278676 46.480467, 30.7281217 46.4802592, 30.7284194 46.4800194, 30.7286133 46.4798645, 30.7292679 46.4793277, 30.7294531 46.4791767), (30.7263669 46.4816826, 30.726496 46.4815812), (30.722006 46.485215, 30.7229958 46.4844026, 30.7231465 46.4842789, 30.7231994 46.4842357, 30.7233277 46.4841307, 30.7240101 46.4835752, 30.7244452 46.4832242, 30.7245205 46.4831634, 30.7247144 46.4830009, 30.7247563 46.4829663, 30.7249984 46.4827649, 30.7263669 46.4816826), (30.7218953 46.485397, 30.722006 46.485215), (30.7312238 46.477764, 30.7313239 46.477684, 30.7316462 46.4774247, 30.7316695 46.4774059))",street
Новощепной,"LINESTRING(30.7377191 46.4678032, 30.734143 46.4680822, 30.7331798 46.4685275, 30.7303785 46.46872)",street
нудистский пляж,"POLYGON((30.7717583 46.4449487, 30.7719022 46.4440379, 30.7720597 46.4440357, 30.7721709 46.4449628, 30.7717583 46.4449487))",street
Обильная,"LINESTRING(30.7268635 46.4162563, 30.7388151 46.4168788, 30.744687 46.417352)",street
Областная,"POLYGON((30.7889011 46.5829693, 30.7890352 46.5828855, 30.7898066 46.5834689, 30.7896805 46.5835477, 30.7889011 46.5829693))",street
областная администрация,"POLYGON((30.7465547 46.4661418, 30.7464464 46.465498, 30.7466368 46.4654836, 30.7467439 46.4661266, 30.7465547 46.4661418))",street
Облгаи|обл гаи,POINT(30.720118 46.412365),street
Овидиопольская,"POLYGON((30.6697997 46.4512759, 30.6696378 46.4532459, 30.6745194 46.4572249, 30.6697997 46.4512759))",street
Овидиопольская дорога,"POLYGON((30.6522555 46.4505818, 30.6565818 46.4509252, 30.6606336 46.450512, 30.662819 46.4506586, 30.6606455 46.450615, 30.6568331 46.4510399, 30.6541814 46.4508721, 30.6522555 46.4505818))",street
Одария,"LINESTRING(30.7264845 46.4983315, 30.7215982 46.4977794, 30.7184584 46.4978284, 30.7142369 46.4984763)",street
Одесса-Товарная,"POLYGON((30.7139124 46.4583288, 30.7117697 46.4583441, 30.7116829 46.4578588, 30.7089267 46.456577, 30.7085509 46.4567903, 30.7085866 46.4580914, 30.707753 46.4580883, 30.7075765 46.4582494, 30.7065996 46.4575907, 30.7065866 46.4552301, 30.7062787 46.4549196, 30.7067703 46.454414, 30.7108486 46.4551427, 30.7174145 46.4555793, 30.7175015 46.4569478, 30.7155933 46.4569189, 30.7155414 46.4574949, 30.7159242 46.4579819, 30.7147841 46.4579538, 30.7147778 46.4577468, 30.7144219 46.457714, 30.713954 46.4578735, 30.7139124 46.4583288))",street
Озёрная,"LINESTRING(30.6884851 46.5039031, 30.6856325 46.5040525)",street
Олейника|Оленка,"LINESTRING(30.7103564 46.481099, 30.7082882 46.4838531)",street
Ольгиевская,"LINESTRING(30.7173319 46.4888726, 30.7202002 46.4891188, 30.7274766 46.4935751)",street
Ольгиевский спуск,"LINESTRING(30.7187428 46.4905334, 30.7172263 46.490607, 30.7151446 46.4915485, 30.7139329 46.4924172)",street
Омская,"LINESTRING(30.7209528 46.3779795, 30.7203703 46.3811218)",street
Онежская,"POLYGON((30.699527 46.459235, 30.6996422 46.4579786, 30.6974839 46.4556357, 30.6908816 46.4553974, 30.6902218 46.4554603, 30.6891705 46.4559499, 30.699527 46.459235))",street
Ониловой,"LINESTRING(30.7360772 46.4728869, 30.7362826 46.4743475, 30.7363501 46.4747515, 30.7363863 46.4749679, 30.7363959 46.4750254, 30.7364262 46.4752069, 30.7364422 46.4752992, 30.7364761 46.4755087, 30.7365082 46.4757088, 30.7365205 46.4757904)",street
оперный,"POLYGON((30.7406683 46.4854004, 30.7411702 46.4850371, 30.7416509 46.4853256, 30.7415536 46.4857036, 30.7418347 46.4857725, 30.7409075 46.4858409, 30.7406683 46.4854004))",street
Оптовый,"POLYGON((30.7044582 46.3860035, 30.7037293 46.3859498, 30.7034762 46.3832782, 30.7018269 46.38312, 30.7022298 46.3811624, 30.7039342 46.3812658, 30.7044582 46.3860035))",street
Оранж,POINT(30.80958 46.572772),street
Оранжерейная,"POLYGON((30.6730582 46.4943053, 30.6729971 46.4968586, 30.6727589 46.4970389, 30.6725963 46.4984433, 30.6730582 46.4943053))",street
Ореховая,"POLYGON((30.7254003 46.3776419, 30.7258519 46.3772661, 30.7261482 46.3766499, 30.7273084 46.3706401, 30.7254003 46.3776419))",street
Орловская,"LINESTRING(30.7757883 46.5725662, 30.7754296 46.5719617)",street
Орфей,"POLYGON((30.7407887 46.4857023, 30.7408112 46.4858473, 30.7404813 46.4858716, 30.7404583 46.4857265, 30.7407887 46.4857023))",street
осипова,"LINESTRING(30.7440521 46.4708399, 30.745119 46.4777694)",street
Остров,"POLYGON((30.7374338 46.4679593, 30.7377907 46.4681292, 30.7378331 46.4685152, 30.7369852 46.4685771, 30.7369533 46.4683659, 30.7367885 46.4683761, 30.7367359 46.468006, 30.7374338 46.4679593))",street
Островского,"LINESTRING(30.6998183 46.4971565, 30.7025932 46.4930073)",street
Отважных,"POLYGON((30.7186629 46.3775014, 30.7190555 46.3779903, 30.7180164 46.3837248, 30.7186629 46.3775014))",street
Отечественная,"LINESTRING(30.6904849 46.478651, 30.6946056 46.476102)",street
Отрадная,"LINESTRING(30.7577836 46.4673195, 30.7548724 46.4676174, 30.7549426 46.4679816, 30.7527537 46.4682366)",street
Офицерская,"LINESTRING(30.7339173 46.3911435, 30.7418367 46.3883936)",street
Павла Зеленого,"LINESTRING(30.7199684 46.4912323, 30.7235889 46.4883667)",street
Павла Кравцова,"LINESTRING(30.7244589 46.5079827, 30.7193387 46.5076949)",street
Шклярука,"LINESTRING(30.735721 46.4342262, 30.729811 46.4290376)",street
Павловых,"POLYGON((30.7512063 46.5449017, 30.7523034 46.5454957, 30.7532961 46.5461411, 30.7529591 46.5463853, 30.7522698 46.5463829, 30.7507932 46.5451218, 30.7512063 46.5449017))",street
Павлодарская,"POLYGON((30.6860059 46.4940572, 30.686223 46.4963585, 30.6861887 46.4995448, 30.6869046 46.5010003, 30.6860059 46.4940572))",street
Пале Рояль,"POLYGON((30.7405614 46.485179, 30.7406939 46.4856536, 30.7393965 46.4857641, 30.7393169 46.4852652, 30.7405614 46.485179))",street
Палладиум,"POLYGON((30.7463341 46.4682205, 30.7459068 46.4682278, 30.7458942 46.4678802, 30.7463216 46.467873, 30.7463341 46.4682205))",street
Палубная,"LINESTRING(30.7384441 46.4347319, 30.7369906 46.4335491)",street
Пальма,"POLYGON((30.7640064 46.4711664, 30.7638671 46.4709265, 30.7641182 46.4711356, 30.7640064 46.4711664))",street
Панаса Мирного,"LINESTRING(30.6443387 46.4696191, 30.6482611 46.4721323)",street
Панорама,"POLYGON((30.724129 46.3982409, 30.7242232 46.3976622, 30.7250259 46.3977156, 30.7248386 46.3987329, 30.7242479 46.3984209, 30.7239718 46.3985014, 30.7239034 46.398374, 30.724129 46.3982409))",street
Пантелеймоновская,"LINESTRING(30.7282832 46.470386, 30.7385158 46.4696046)",street
Папашон,"POLYGON((30.8057985 46.5740203, 30.8051567 46.5742311, 30.8047437 46.5736367, 30.8053855 46.573426, 30.8057985 46.5740203))",street
Парковая,"LINESTRING(30.6993749 46.4877453, 30.6986019 46.4862004, 30.6974118 46.4844325, 30.696633 46.4800008, 30.6959687 46.4772096, 30.6923371 46.4743238)",street
Партизанская,"MULTILINESTRING((30.6805919 46.4705607, 30.6804 46.470229, 30.6802608 46.4699884, 30.6802137 46.4699068, 30.6802405 46.4698569, 30.6807152 46.4697174, 30.6807742 46.4696916, 30.6808172 46.4696398, 30.6808749 46.4694896, 30.6809137 46.4693886, 30.6809495 46.4692789, 30.6810238 46.4690511, 30.6810255 46.4689276, 30.6810039 46.4687797, 30.6808632 46.4683484, 30.6805048 46.4675709, 30.6800656 46.4667005, 30.6797032 46.4659824))",street
Парус,"POLYGON((30.7683503 46.4314286, 30.7681459 46.4312412, 30.7683058 46.4311583, 30.7685102 46.4313457, 30.7683503 46.4314286))",street
Пассионарии,"LINESTRING(30.7066541 46.4974157, 30.7051324 46.4992325)",street
Пастера,"LINESTRING(30.732794 46.485378, 30.7282308 46.4889697, 30.7200523 46.4954075)",street
Паустовского,"LINESTRING(30.8075073 46.5930286, 30.8074591 46.5928288, 30.8027491 46.5952406, 30.8025315 46.5953083, 30.8018042 46.5949123, 30.8019445 46.5955067, 30.7951525 46.5986871)",street
Педагогическая,"LINESTRING(30.753929 46.4290634, 30.7548478 46.4273643)",street
Пересипский мост,"POLYGON((30.7234329 46.4973352, 30.724943 46.4970296, 30.7272054 46.4963067, 30.7255478 46.4969207, 30.724259 46.4972383, 30.7224163 46.4975291, 30.7212348 46.4975835, 30.7234329 46.4973352))",street
Пересипський міст|Пересыпский мост|Мост пересыпь,"LINESTRING(30.7234329 46.4973352, 30.7242349 46.4971866, 30.724943 46.4970296, 30.7255116 46.4968598, 30.7260534 46.4966677, 30.7268581 46.4963686, 30.7271612 46.4962477, 30.7271839 46.4962761, 30.7272054 46.4963067, 30.7269064 46.4964148, 30.7261084 46.496725, 30.7255478 46.4969207, 30.7249711 46.4970795, 30.724259 46.4972383, 30.723445 46.4973851, 30.7229863 46.4974525, 30.7224163 46.4975291, 30.7219027 46.497566, 30.7212348 46.4975835, 30.7212343 46.4975567, 30.7212308 46.4975263, 30.721896 46.4975088, 30.7224284 46.4974765, 30.7229796 46.4974017)",street
Песочная,"LINESTRING(30.7598039 46.5731472, 30.7619754 46.572011, 30.7631387 46.571042, 30.7629723 46.5707274, 30.7630207 46.570456, 30.7644047 46.5665633, 30.7645758 46.5639115)",street
Пестеля,"LINESTRING(30.6899003 46.4782028, 30.6857089 46.4748816)",street
Петра Лещенко,"LINESTRING(30.6314146 46.4728761, 30.6177543 46.4724208)",street
Петрашевского,"LINESTRING(30.7341476 46.420175, 30.7420575 46.4267014)",street
Пироговская,"LINESTRING(30.7412991 46.4648076, 30.7543901 46.4638905)",street
Писарева,"MULTILINESTRING((30.7348774 46.3940288, 30.7355171 46.3942362, 30.7356875 46.3943007, 30.7358066 46.394386, 30.7359032 46.3944724, 30.7363321 46.3948678, 30.7367836 46.3952753), (30.7377788 46.395784, 30.7379234 46.3958405, 30.7379754 46.3958608, 30.7402084 46.396734, 30.7408906 46.3970033, 30.7409597 46.3970296, 30.7418471 46.3973956), (30.7367836 46.3952753, 30.7376904 46.3957367, 30.7377788 46.395784), (30.7418471 46.3973956, 30.7423304 46.3975836, 30.7427022 46.3977342, 30.7437551 46.3981181))",street
Пишенина,"POLYGON((30.7214104 46.4508179, 30.7169522 46.4509073, 30.7105823 46.4517913, 30.7214104 46.4508179))",street
Пишоновская,"LINESTRING(30.7194427 46.4874345, 30.7204496 46.4877376)",street
пищевая академия,"POLYGON((30.7421959 46.4584201, 30.744662 46.4582834, 30.7451039 46.4601057, 30.7439441 46.4601702, 30.7440028 46.4604559, 30.7421394 46.4605926, 30.7424038 46.4601361, 30.7421959 46.4584201))",street
Платановая,"LINESTRING(30.6867906 46.4457845, 30.6868404 46.445143, 30.6868774 46.4445201, 30.6868992 46.4441532, 30.6869117 46.4439194, 30.68694 46.4433219, 30.6869739 46.4427161, 30.6870173 46.4419403)",street
Пляж Аркадия,"POLYGON((30.7667541 46.4275498, 30.7664644 46.4277513, 30.7661744 46.4274613, 30.7661338 46.4269399, 30.7664025 46.4265536, 30.7667746 46.4265435, 30.7670318 46.4274178, 30.7667541 46.4275498))",street
Пляж Дельфин,"POLYGON((30.767807 46.4541647, 30.7672466 46.4545519, 30.7661737 46.4544473, 30.767807 46.4541647))",street
Пляж Отрада,"POLYGON((30.7631491 46.468761, 30.762291 46.4662808, 30.7624615 46.4651774, 30.7631491 46.468761))",street
Пляж Чайка,"POLYGON((30.7600672 46.4111495, 30.7602583 46.4111129, 30.7603616 46.4114449, 30.7608014 46.4118508, 30.7616421 46.4121371, 30.7613814 46.4126448, 30.7608914 46.4130178, 30.7601099 46.4124046, 30.7605198 46.412167, 30.7603102 46.4119117, 30.7599938 46.4120718, 30.7598023 46.4115263, 30.7600672 46.4111495))",street
Победы,"LINESTRING(30.7672849 46.5645546, 30.765085 46.5703556)",street
Побратимов,"LINESTRING(30.7070714 46.3646047, 30.7118143 46.3616809)",street
Подольская,"POLYGON((30.6525638 46.4633518, 30.6525181 46.4681487, 30.6523875 46.4697514, 30.6520786 46.470072, 30.6525638 46.4633518))",street
Поездная,"LINESTRING(30.7066865 46.4525688, 30.705088 46.4534069)",street
Полевая,"LINESTRING(30.6361807 46.4664141, 30.6441472 46.4668553)",street
политех,"POLYGON((30.7501865 46.4620066, 30.7497389 46.4585748, 30.7516364 46.4585085, 30.7521482 46.45793, 30.7528679 46.4582025, 30.7525625 46.4586543, 30.7526303 46.4590929, 30.7521703 46.4591217, 30.7522272 46.4595693, 30.752788 46.4595369, 30.7531772 46.4619313, 30.750152 46.4621391, 30.7501865 46.4620066))",street
Полтавская,"LINESTRING(30.6893118 46.4420007, 30.689106 46.4459317)",street
Польская,"LINESTRING(30.7442872 46.4778354, 30.7444952 46.4792897)",street
Польский спуск,"POLYGON((30.7464818 46.4846191, 30.7455117 46.4830213, 30.7447554 46.4809045, 30.7464818 46.4846191))",street
Порше Центр,"POLYGON((30.7238945 46.5009956, 30.7238176 46.5007688, 30.7242465 46.5007066, 30.7243474 46.5008538, 30.7238945 46.5009956))",street
Поселковая,"POLYGON((30.6923852 46.4800116, 30.6961294 46.4778055, 30.697805 46.4774838, 30.6923852 46.4800116))",street
Посмитного,"LINESTRING(30.7513037 46.4271497, 30.7565434 46.4274507, 30.7608926 46.4321718)",street
Почтовая,"LINESTRING(30.7014921 46.484472, 30.7007859 46.4838483, 30.6992937 46.4815169, 30.697805 46.4774838, 30.6978182 46.4769368, 30.6974983 46.4764352, 30.697171 46.4764241, 30.6959981 46.475025, 30.6938849 46.4733501)",street
пр. Шевченко|Шевченко|проспект Шевченко,"MULTILINESTRING((30.7571453 46.4409495, 30.7570939 46.4409056, 30.7570473 46.4408626, 30.7569924 46.4408126, 30.7569398 46.4407627, 30.7568326 46.4406855, 30.7567286 46.4406063), (30.7573771 46.4404648, 30.7572666 46.4406539, 30.757229 46.4407138, 30.7571983 46.4407788, 30.757163 46.4408832, 30.7571453 46.4409495), (30.75235 46.45471, 30.7523961 46.454636), (30.7539862 46.4524112, 30.7545474 46.4516028), (30.753577 46.4529788, 30.7537184 46.45278), (30.7537184 46.45278, 30.7539862 46.4524112), (30.7578996 46.4436665, 30.7577057 46.4429705, 30.7574123 46.4419176), (30.754898 46.4511265, 30.7550116 46.4509489, 30.7551036 46.450805), (30.7551036 46.450805, 30.755125 46.450783, 30.7554637 46.4502926), (30.7545474 46.4516028, 30.7546185 46.4515075, 30.7548406 46.4512047, 30.754898 46.4511265), (30.7583391 46.4452597, 30.7581137 46.4444366), (30.7581137 46.4444366, 30.7580061 46.4440494), (30.7574123 46.4419176, 30.7571888 46.4411248, 30.7571453 46.4409495), (30.7555121 46.4502223, 30.7559763 46.4495444), (30.7554637 46.4502926, 30.7555121 46.4502223), (30.7559763 46.4495444, 30.7562854 46.4490976, 30.756623 46.4486097), (30.756623 46.4486097, 30.7568302 46.4483137), (30.751547 46.4558288, 30.7517008 46.4556145, 30.75235 46.45471), (30.7533856 46.4532492, 30.753577 46.4529788), (30.7568302 46.4483137, 30.757305 46.4476355), (30.7582175 46.4463271, 30.7583113 46.4460906, 30.758353 46.4459759, 30.7583782 46.4458936, 30.7583803 46.4458451, 30.758385 46.445744, 30.7583708 46.4456129, 30.7583501 46.4455048, 30.7583391 46.4452597), (30.7583391 46.4452597, 30.7584805 46.4454901, 30.7585026 46.4456092, 30.7585168 46.4457403, 30.7585121 46.4458415, 30.7584952 46.4459565, 30.7584553 46.4460702, 30.7583908 46.4461876, 30.7582175 46.4463271), (30.757305 46.4476355, 30.7580087 46.4466304, 30.7581502 46.4464332, 30.7582175 46.4463271), (30.7580061 46.4440494, 30.7579449 46.4440016, 30.7579042 46.4438631, 30.7578711 46.4437503, 30.7578996 46.4436665), (30.7578996 46.4436665, 30.757957 46.4437373, 30.7579896 46.4438528, 30.7580075 46.443916, 30.7580253 46.443985, 30.7580061 46.4440494))",street
Правды,"LINESTRING(30.7302126 46.3722349, 30.7267782 46.3745339)",street
Преображенская,"LINESTRING(30.733644 46.491263, 30.730383 46.468689)",street
Привоз,"POLYGON((30.7330468 46.4694032, 30.732985 46.4690119, 30.7306192 46.4692039, 30.730533 46.4688011, 30.7331594 46.4685838, 30.7340652 46.4681485, 30.7363881 46.4679637, 30.736558 46.4690962, 30.7330468 46.4694032))",street
Прилиманское,"POLYGON((30.60383 46.43642, 30.60665 46.43731, 30.61049 46.43756, 30.61457 46.43856, 30.61717 46.43879, 30.61758 46.43849, 30.61844 46.42792, 30.62588 46.41206, 30.61777 46.40972, 30.60383 46.43642))",street
Приморская,"LINESTRING(30.7231105 46.4971466, 30.7247973 46.4968408, 30.7278715 46.495651, 30.7298558 46.4943897, 30.73243 46.493284, 30.7349794 46.4918195, 30.7370693 46.4911687, 30.7383152 46.4913991, 30.7389706 46.4913519, 30.7414672 46.4901602, 30.7467994 46.4851766)",street
Приморский бульвар,"LINESTRING(30.7393025 46.4896507, 30.7433209 46.4860466)",street
Приморский суд,"POLYGON((30.7122234 46.487919, 30.7119174 46.4880586, 30.7115543 46.4876813, 30.7118507 46.487546, 30.7122234 46.487919))",street
Природные камни,"POLYGON((30.7075782 46.3944817, 30.7072204 46.3936855, 30.7085617 46.393481, 30.7088216 46.3942922, 30.7075782 46.3944817))",street
Продмаш,"LINESTRING(30.7512487 46.5476402, 30.7510315 46.5474539)",street
Проектная,"LINESTRING(30.7286056 46.4250102, 30.7301657 46.424194)",street
Промышленная,"LINESTRING(30.6938849 46.4733501, 30.6855586 46.4783952, 30.673297 46.4822917)",street
Прорезная,"POLYGON((30.7383334 46.4194943, 30.7394853 46.4195295, 30.743761 46.4213416, 30.7383334 46.4194943))",street
Просёлочная,"LINESTRING(30.6578033 46.4624141, 30.6576249 46.4625305, 30.6575474 46.4629898, 30.6567486 46.4729442)",street
Профсоюзная|профспилкова,"LINESTRING(30.6947462 46.444423, 30.6946454 46.4445968, 30.6904726 46.4465481)",street
Прохоровская,"LINESTRING(30.7135362 46.4644445, 30.7190365 46.4687364, 30.7254913 46.4727605)",street
Проценко,"LINESTRING(30.6872107 46.489604, 30.6860262 46.482198)",street
Путевая,"LINESTRING(30.6609107 46.4721131, 30.6582245 46.4657706)",street
Путевый,"POLYGON((30.6604541 46.4719908, 30.6604291 46.4719437, 30.6606363 46.4719448, 30.6604541 46.4719908))",street
Пушкинская,"LINESTRING(30.7408978 46.4694581, 30.7433451 46.485734)",street
Равенства,"LINESTRING(30.7392599 46.4066682, 30.740803 46.4008264)",street
Радостная,"LINESTRING(30.6870173 46.4419403, 30.6893118 46.4420007)",street
Радужный массив|Радужний,"LINESTRING(30.7030093 46.404581, 30.7042586 46.4005028)",street
Раздольная,"LINESTRING(30.7646246 46.5719594, 30.7715531 46.5751025)",street
Разумовская,"LINESTRING(30.7251394 46.4737027, 30.709527 46.4750614, 30.7088496 46.4753495, 30.707031 46.4766183)",street
Ракетная,"LINESTRING(30.7690436 46.5790901, 30.7689209 46.5781069)",street
Ралико,"POLYGON((30.7071894 46.4717987, 30.7070017 46.4717931, 30.7070158 46.471568, 30.7072036 46.4715736, 30.7071894 46.4717987))",street
Раскидайловская,"MULTILINESTRING((30.7078503 46.4796506, 30.7113292 46.4796634, 30.7114714 46.4796663), (30.7078503 46.4796506, 30.707564 46.4796607), (30.701847 46.4800404, 30.7018198 46.4794824, 30.7018171 46.4794111, 30.7018 46.4791598, 30.7017876 46.4789578, 30.7017518 46.4788792, 30.7016784 46.4787551, 30.7014443 46.4783594, 30.7011725 46.4780222, 30.7010837 46.4779066, 30.7009585 46.477851, 30.7008938 46.4778298, 30.7008562 46.4778174, 30.7007627 46.4777866, 30.7007136 46.4777376, 30.7006852 46.4777092, 30.7002811 46.4771647, 30.7001927 46.4770456, 30.7001568 46.4769907, 30.700134 46.476945, 30.7001195 46.4769051, 30.7001092 46.4768495, 30.7001061 46.4767988, 30.7001111 46.4766155), (30.7070218 46.4797269, 30.7067442 46.4797694, 30.705582 46.4799046, 30.704699 46.4799707, 30.7027813 46.4800186, 30.701847 46.4800404, 30.7010567 46.4800638, 30.70039 46.4800674, 30.699849 46.4800703, 30.6996205 46.4799887), (30.7114714 46.4796663, 30.7131386 46.4797054, 30.7131764 46.4797056, 30.713708 46.4797079, 30.7154482 46.4797245, 30.7168433 46.4797473, 30.7183918 46.4797741, 30.7196738 46.479788, 30.7203644 46.4798093, 30.7208087 46.4798105, 30.7211337 46.4798145, 30.7212306 46.4798157, 30.7213021 46.4798173, 30.7218848 46.4798307, 30.7219131 46.4798326, 30.7219421 46.4798346), (30.707564 46.4796607, 30.7073722 46.4796758, 30.7070218 46.4797269))",street
Рассвета,"POLYGON((30.7248844 46.4228563, 30.7233276 46.4225309, 30.7173654 46.4180197, 30.7248844 46.4228563))",street
Рачкова,"POLYGON((30.6944026 46.4872419, 30.6966631 46.4869131, 30.6993749 46.4877453, 30.6944026 46.4872419))",street
Редлайн,"POLYGON((30.7683742 46.4299451, 30.7683951 46.4302214, 30.768044 46.430174, 30.7680822 46.4299688, 30.7683742 46.4299451))",street
Рекордная,"LINESTRING(30.7066356 46.4467468, 30.7103993 46.4507244)",street
Рельефная,"POLYGON((30.7631387 46.571042, 30.764562 46.571525, 30.7674829 46.5721976, 30.7713055 46.5740622, 30.7631387 46.571042))",street
Репина,"LINESTRING(30.7497564 46.4122704, 30.7538794 46.4114591)",street
Республиканская,"LINESTRING(30.6755454 46.533572, 30.6757426 46.5331368, 30.6763528 46.5327072, 30.6764543 46.5321564, 30.6772932 46.5307461, 30.6776097 46.5305086, 30.6778636 46.5305448)",street
Ривьера|Рівьера|ревьеры,POINT(30.83356 46.56276),street
Рижская,"POLYGON((30.6442682 46.467219, 30.6459588 46.4658814, 30.6459904 46.4629861, 30.6442682 46.467219))",street
Ризовская,"LINESTRING(30.7147492 46.4825135, 30.7164202 46.476008)",street
Риф,"POLYGON((30.7549601 46.4051141, 30.7548288 46.4048649, 30.755106 46.4047954, 30.7552373 46.4050447, 30.7549601 46.4051141))",street
Ришельевская|Ленина|ришельевская|ленина|решильевская,"LINESTRING(30.7382746 46.4685241, 30.7390156 46.4712319, 30.7411336 46.4849226)",street
Ришельевский лицей,"POLYGON((30.7297957 46.4905204, 30.7291938 46.4901552, 30.729101 46.4900946, 30.7295145 46.4898051, 30.7302181 46.4901917, 30.7297957 46.4905204))",street
Родина,"POLYGON((30.7280303 46.4692866, 30.7280368 46.4698232, 30.7276657 46.4698791, 30.7276037 46.469289, 30.7280303 46.4692866))",street
Рождественская,"LINESTRING(30.7048092 46.4902422, 30.7051649 46.490164, 30.7066645 46.4887563, 30.7049272 46.4877178, 30.7037104 46.4886346, 30.7048092 46.4902422)",street
Розова,"POLYGON((30.7379044 46.4191167, 30.7378239 46.4194153, 30.7313912 46.4230188, 30.7379044 46.4191167))",street
Ромашковая,"LINESTRING(30.7308655 46.4264046, 30.7322705 46.4255767, 30.7415331 46.4203851, 30.7423756 46.4197166)",street
Ростовская,"LINESTRING(30.7862006 46.5665164, 30.7892873 46.5719591)",street
Рощевая,"LINESTRING(30.6693936 46.4649723, 30.66874 46.4611549)",street
русский театр,"POLYGON((30.7343329 46.483092, 30.7343976 46.4835211, 30.7340032 46.4835478, 30.7339415 46.4831196, 30.7343329 46.483092))",street
Рыба,"POLYGON((30.7519786 46.3996945, 30.751757 46.3994968, 30.7520487 46.3994078, 30.7521077 46.3996622, 30.7519786 46.3996945))",street
Рыбачья,"POLYGON((30.7331278 46.3858185, 30.7353265 46.3858832, 30.7369848 46.386294, 30.7402478 46.38745, 30.7429662 46.3889777, 30.7331278 46.3858185))",street
Савранская,"POLYGON((30.6801967 46.4923978, 30.6805597 46.4923501, 30.6812394 46.4901647, 30.6801967 46.4923978))",street
Садиковская,"LINESTRING(30.7192207 46.4811798, 30.7200611 46.4784348)",street
Садовая,"LINESTRING(30.7313835 46.4848091, 30.7261717 46.4877277)",street
Садовского,"LINESTRING(30.7325288 46.38252, 30.7385819 46.3782832)",street
Сады Победы,"POLYGON((30.7576973 46.4395034, 30.7577736 46.4392456, 30.7585851 46.4393618, 30.7585096 46.4397656, 30.7583637 46.4397735, 30.7584577 46.4402454, 30.7579052 46.4400979, 30.7576973 46.4395034))",street
Саксаганского,"LINESTRING(30.7335949 46.3832707, 30.7401275 46.3794387)",street
Самарская,"LINESTRING(30.6572885 46.4660016, 30.6533998 46.4658443, 30.6529453 46.4655169, 30.6529219 46.4636208, 30.6532103 46.4624736)",street
Самолётная,"LINESTRING(30.6487353 46.4668463, 30.656954 46.4694961)",street
санаторий Лермонтовский,"POLYGON((30.7572723 46.4746341, 30.7567016 46.4749239, 30.7560535 46.4748006, 30.7555656 46.4743685, 30.7555359 46.473778, 30.7553231 46.4735615, 30.7564791 46.4735116, 30.7569821 46.4738813, 30.756542 46.4740812, 30.7572723 46.4746341))",street
санаторий Хаджибей,"POLYGON((30.7618353 46.4581505, 30.7614658 46.4586977, 30.7595152 46.4582624, 30.7598163 46.4576885, 30.7618353 46.4581505))",street
Санитарная,"LINESTRING(30.6256305 46.4668621, 30.6189846 46.4665512)",street
Санта-Барбара,"POLYGON((30.7229198 46.4025883, 30.722972 46.402397, 30.7232137 46.4025049, 30.723178 46.4026262, 30.7229198 46.4025883))",street
Сахарова,"LINESTRING(30.8037341 46.5707017, 30.8101059 46.5794987)",street
Светлое,"POLYGON((30.8224 46.63879, 30.82209 46.63991, 30.81944 46.63937, 30.82069 46.63851, 30.82227 46.6379, 30.82278 46.63741, 30.82321 46.63591, 30.8242 46.63383, 30.82822 46.6345, 30.82849 46.63372, 30.83774 46.63543, 30.83736 46.63619, 30.83767 46.63736, 30.83789 46.63855, 30.84092 46.63817, 30.84069 46.6392, 30.83869 46.64001, 30.83578 46.64115, 30.83323 46.64324, 30.82568 46.64494, 30.82208 46.64409, 30.82886 46.64151, 30.8334 46.63973, 30.83739 46.63889, 30.83545 46.63788, 30.8321 46.63738, 30.82867 46.63709, 30.8273 46.63895, 30.82578 46.64058, 30.82434 46.63914, 30.8224 46.63879))",street
Свободы,"LINESTRING(30.7020093 46.3647586, 30.7021306 46.3573931, 30.7025006 46.3504532, 30.7023222 46.3500217)",street
Сегедская,"LINESTRING(30.744137 46.454431, 30.7426105 46.4449773, 30.7422811 46.4451508, 30.7418769 46.4450446)",street
Селекционная,"POLYGON((30.6465761 46.4748847, 30.6466889 46.4752367, 30.6469223 46.4754071, 30.6534882 46.4779228, 30.6465761 46.4748847))",street
Селекционный|Силекционный,"POLYGON((30.6838124 46.4586073, 30.683066 46.4590855, 30.6821627 46.4593803, 30.6710815 46.4607158, 30.6706474 46.4586676, 30.6720985 46.4584772, 30.6720583 46.4582743, 30.6731526 46.4581339, 30.6729871 46.4574804, 30.6742852 46.4572194, 30.6737067 46.4567449, 30.6737592 46.4564982, 30.672511 46.4555337, 30.6754178 46.4536078, 30.6769736 46.454524, 30.6760901 46.4551709, 30.6771529 46.4558818, 30.6780048 46.4551819, 30.6798118 46.4561831, 30.680654 46.4568276, 30.6825619 46.4577399, 30.6838124 46.4586073))",street
Сельская,"POLYGON((30.6443894 46.4626683, 30.6422732 46.4626413, 30.6369242 46.4621857, 30.6443894 46.4626683))",street
Селянка,"POLYGON((30.7111104 46.408143, 30.7101749 46.4080548, 30.7095579 46.4071497, 30.7097997 46.4070989, 30.7098208 46.4068207, 30.7102639 46.4067939, 30.7102409 46.4066155, 30.7104626 46.4065728, 30.7111104 46.408143))",street
Семинарская,"LINESTRING(30.7417712 46.4627332, 30.7554916 46.4617712)",street
Семья,"POLYGON((30.7979088 46.5756061, 30.7969062 46.5759441, 30.7961241 46.5748479, 30.7967629 46.5746325, 30.797116 46.5751274, 30.7974797 46.5750047, 30.7979088 46.5756061))",street
Сенная,"LINESTRING(30.664 46.4660117, 30.6651255 46.4686414)",street
Серогодского,"LINESTRING(30.7725491 46.5603076, 30.7764974 46.5677381)",street
Сеченова,"LINESTRING(30.7185113 46.4921857, 30.7191915 46.4920875, 30.7196953 46.4920139, 30.7201386 46.4919387, 30.7204593 46.4919507, 30.7209594 46.4922446, 30.7214558 46.492536, 30.721947 46.4928353, 30.7226939 46.4932904)",street
Симферопольская,"POLYGON((30.7695989 46.5709085, 30.7704444 46.5733984, 30.7707124 46.573707, 30.7695989 46.5709085))",street
сити центр|ситик|сити центр таирова,"POLYGON((30.7122364 46.4151254, 30.7126132 46.4160541, 30.7123769 46.4160996, 30.7125466 46.4165181, 30.7122991 46.4164476, 30.7088914 46.4171038, 30.7082867 46.4156115, 30.7111402 46.415062, 30.7113506 46.4151912, 30.7122364 46.4151254))",street
сити центр котовский|сити цент поскот,"POLYGON((30.7937116 46.5849926, 30.792493 46.5840381, 30.7937028 46.5833085, 30.7949214 46.5842631, 30.7937116 46.5849926))",street
Скалодром,"POLYGON((30.7711323 46.4431519, 30.7713211 46.4421528, 30.7723658 46.4420078, 30.7719728 46.4424907, 30.7719889 46.4430539, 30.7711323 46.4431519))",street
скворцова,"LINESTRING(30.7196904 46.446244, 30.7196926 46.4491622, 30.7197033 46.4508042, 30.7197221 46.4526917)",street
Скидановская,"POLYGON((30.7146176 46.4896578, 30.7131365 46.4885354, 30.7128503 46.4879018, 30.7146176 46.4896578))",street
Скидановский спуск,"LINESTRING(30.7146176 46.4896578, 30.7170731 46.4898042)",street
Славянская,"LINESTRING(30.6934785 46.3546127, 30.692846 46.3564156)",street
Слободская,"LINESTRING(30.7068531 46.4952344, 30.6952395 46.4915714)",street
Слободской спуск,"LINESTRING(30.6983213 46.4989482, 30.7006701 46.4995829)",street
Совиньон,"POLYGON((30.6696738 46.3385335, 30.6697287 46.3378548, 30.6701341 46.3379233, 30.6722741 46.3336995, 30.6728993 46.3334197, 30.6716614 46.3291702, 30.6721618 46.3279321, 30.674889 46.3254697, 30.6757474 46.3253485, 30.6775674 46.3257506, 30.6781339 46.3264593, 30.6801244 46.3272869, 30.6839961 46.329849, 30.6856938 46.3313435, 30.6863454 46.3323651, 30.6868958 46.3323692, 30.6877752 46.3334918, 30.6906935 46.3353882, 30.6977939 46.3433721, 30.6913109 46.3429196, 30.6916542 46.3492632, 30.6893129 46.3492052, 30.6892451 46.3482982, 30.6874698 46.3483394, 30.6874884 46.3490693, 30.6835578 46.3488337, 30.6823334 46.3485277, 30.6809433 46.3474319, 30.6814727 46.345901, 30.6809343 46.3455265, 30.6816376 46.3450072, 30.6848159 46.3449302, 30.6846958 46.3424227, 30.6841274 46.3420917, 30.6766726 46.3414812, 30.6757323 46.3415952, 30.6745532 46.3423046, 30.6696738 46.3385335))",street
Соляная,"POLYGON((30.7654303 46.5704774, 30.7643784 46.5722669, 30.7615012 46.5750874, 30.7654303 46.5704774))",street
Сортировочная,"POLYGON((30.7491722 46.5516381, 30.7464385 46.5490251, 30.7467395 46.5487633, 30.7501405 46.5508808, 30.7579137 46.5560403, 30.7616173 46.5587703, 30.7608556 46.5592791, 30.7550637 46.5560282, 30.7511338 46.5533562, 30.7491722 46.5516381))",street
Софиевская,"LINESTRING(30.7332043 46.4886898, 30.7274766 46.4935751)",street
Социальная,"LINESTRING(30.6903023 46.4854615, 30.6865348 46.4857644)",street
спартаковская,"LINESTRING(30.6998568 46.4442663, 30.7033796 46.4483738, 30.7063904 46.4522006, 30.7071066 46.4530996, 30.707226 46.4531764)",street
Спиридонивская,"LINESTRING(30.7238354 46.4777826, 30.7307147 46.4817269)",street
спуск Ковалевского,"POLYGON((30.7128503 46.4879018, 30.7125052 46.4874413, 30.7127137 46.4868533, 30.712765 46.4851874, 30.7128503 46.4879018))",street
Спутников,"LINESTRING(30.6932915 46.4723744, 30.695461 46.4714537)",street
Среднефонтанская,"LINESTRING(30.7371103 46.4512664, 30.7369831 46.4512053, 30.7387436 46.4519585)",street
Средняя,"LINESTRING(30.7004691 46.4729009, 30.7048083 46.4723696, 30.7069745 46.4720228, 30.7117486 46.4723893, 30.7200022 46.4730421)",street
Стадион Динамо,"POLYGON((30.7574963 46.4627194, 30.7560451 46.4624353, 30.7558474 46.4620413, 30.7563342 46.4617249, 30.7580106 46.4620436, 30.7580656 46.4625152, 30.7574963 46.4627194))",street
Стадион Спартак,"POLYGON((30.7465569 46.4683985, 30.7465227 46.4681418, 30.7467493 46.4678762, 30.7496542 46.4677506, 30.7496998 46.4679963, 30.749858 46.4679926, 30.7499331 46.4688313, 30.7475156 46.469073, 30.7474834 46.4687961, 30.747208 46.4687112, 30.7471723 46.4684087, 30.7465569 46.4683985))",street
Сталепрокатная,"LINESTRING(30.6449242 46.4675942, 30.6465092 46.4663753)",street
Стальканат,POINT(30.731581 46.461238),street
Станкова,"LINESTRING(30.7419546 46.468159, 30.7420506 46.468252)",street
станкостроительный,"POLYGON((30.7217799 46.4142468, 30.7216503 46.4139745, 30.7232902 46.4132845, 30.7239177 46.4134767, 30.7243908 46.4139426, 30.7224973 46.4147559, 30.7217799 46.4142468))",street
Старицкого,"LINESTRING(30.6855215 46.4528512, 30.6849825 46.4563114)",street
Староконный|Староконка,"POLYGON((30.7131266 46.4795794, 30.7113281 46.4795598, 30.7113174 46.477624, 30.7124968 46.4776189, 30.7125007 46.4779891, 30.7131489 46.4779904, 30.7131266 46.4795794))",street
Стеклянная,"MULTILINESTRING((30.6905967 46.4709645, 30.6903122 46.471114, 30.6869824 46.4715748, 30.6860339 46.4717121, 30.684951 46.4718241, 30.6848629 46.4718869, 30.6846755 46.4721295, 30.6846858 46.4722009, 30.6854744 46.4732871))",street
стекляшка,"POLYGON((30.7483861 46.4768584, 30.7483602 46.4766753, 30.7486468 46.4766561, 30.7486726 46.4768392, 30.7483861 46.4768584))",street
Степовая,"LINESTRING(30.7135482 46.4625391, 30.7135131 46.4584816)",street
Столбовая,"LINESTRING(30.6653904 46.4714276, 30.6832753 46.4668181, 30.6857069 46.466395)",street
Столярского,"POLYGON((30.7008918 46.4437708, 30.7001525 46.4429189, 30.7001422 46.442287, 30.7008918 46.4437708))",street
Строганов мост,"POLYGON((30.746558 46.4821662, 30.7450724 46.482278, 30.7450581 46.4821775, 30.7465453 46.4820772, 30.746558 46.4821662))",street
строительная академия|стройка,"POLYGON((30.7167495 46.4843946, 30.7165738 46.4849444, 30.7142249 46.4842086, 30.7144626 46.4830127, 30.7176782 46.4831944, 30.7174802 46.4844887, 30.7167495 46.4843946))",street
Студёная,"LINESTRING(30.7200744 46.3778971, 30.7195214 46.3810401)",street
Стуса,"LINESTRING(30.6916515 46.4554109, 30.6912404 46.4607532, 30.6867934 46.4660242, 30.6868373 46.466596, 30.6871401 46.46693, 30.6876232 46.4669996, 30.6879165 46.4668324, 30.6878918 46.4665014, 30.6875967 46.4663748)",street
Суворовский суд,"POLYGON((30.7246492 46.5123195, 30.7244851 46.5118747, 30.7248463 46.5118116, 30.7248039 46.5121487, 30.725005 46.5122573, 30.7246492 46.5123195))",street
Судостроительная,"LINESTRING(30.7418374 46.4385727, 30.7409487 46.4336116, 30.7410312 46.4334686)",street
Сумская,"LINESTRING(30.7376385 46.4058439, 30.7374551 46.4064382)",street
Суперфосфатная,"LINESTRING(30.6788074 46.4700126, 30.6793832 46.4710251)",street
Сухой,"POLYGON((30.64036 46.40209, 30.64292 46.40229, 30.64462 46.40336, 30.64827 46.40359, 30.64845 46.40219, 30.64914 46.39983, 30.65095 46.40002, 30.65147 46.39665, 30.64994 46.39652, 30.65135 46.38954, 30.64744 46.38892, 30.64987 46.37925, 30.65062 46.37857, 30.64615 46.37584, 30.6441 46.37622, 30.64514 46.37981, 30.64547 46.38124, 30.64253 46.38513, 30.64023 46.38546, 30.63839 46.38546, 30.64033 46.39022, 30.63631 46.39341, 30.63601 46.39568, 30.63512 46.39566, 30.6286 46.39296, 30.62485 46.39222, 30.62474 46.39478, 30.6324 46.39687, 30.63301 46.39839, 30.63537 46.39837, 30.63437 46.39983, 30.63734 46.40125, 30.63969 46.40206, 30.64036 46.40209))",street
таврия суворовская,POINT(30.80571 46.59946),street
таврия таировская,"POLYGON((30.723245 46.3904969, 30.723264 46.3906857, 30.7232279 46.3906874, 30.7232089 46.3904987, 30.723245 46.3904969))",street
Таировские вина|пгт Таирово|институт Таирова,"POLYGON((30.7362348 46.4726365, 30.7363434 46.472628, 30.736361 46.4727345, 30.7362524 46.472743, 30.7362348 46.4726365))",street
Таксопарк,"POLYGON((30.7077708 46.4729408, 30.7078501 46.4726661, 30.7080882 46.4726708, 30.7080974 46.4724477, 30.7084367 46.4724543, 30.7085164 46.472169, 30.7093754 46.4722444, 30.709478 46.4732227, 30.7097959 46.4732008, 30.7098783 46.4738409, 30.7070993 46.473917, 30.7070673 46.4734376, 30.70776 46.473422, 30.7077708 46.4729408))",street
Танкерная,"LINESTRING(30.7359053 46.4350725, 30.7383924 46.4348187)",street
Танкистов,"POLYGON((30.681161 46.4634433, 30.6760258 46.4647053, 30.674528 46.4652208, 30.6710649 46.4674327, 30.681161 46.4634433))",street
Тарутинская,"LINESTRING(30.6839355 46.4915939, 30.6800767 46.4919754)",street
Творческая,"LINESTRING(30.645385 46.4725687, 30.6517648 46.4678655)",street
Телекарт,"POLYGON((30.7323944 46.3988738, 30.7316667 46.3986987, 30.7319954 46.3979525, 30.7328041 46.398082, 30.7323944 46.3988738))",street
Тенистая,"LINESTRING(30.7592618 46.4303525, 30.7589003 46.4305196, 30.7569365 46.4335961, 30.7543454 46.4370168, 30.7534383 46.4394977)",street
Тепличная,"LINESTRING(30.6762806 46.5220711, 30.6736007 46.521236)",street
Терешковой,"LINESTRING(30.7250673 46.4269277, 30.716757 46.4322368, 30.7022223 46.4385763)",street
Тещин мост,"POLYGON((30.7381761 46.4905405, 30.736417 46.4904957, 30.7364171 46.4904615, 30.7381788 46.4904847, 30.7381761 46.4905405))",street
Тираспольская,"LINESTRING(30.7236374 46.4754928, 30.7237776 46.4755711, 30.7246124 46.4760459, 30.7261811 46.4769382, 30.7281938 46.4780838, 30.7297346 46.4789604, 30.7314085 46.4799134, 30.732074 46.4803569)",street
Тираспольское шоссе,"POLYGON((30.6126785 46.4866513, 30.6120222 46.4911459, 30.6139973 46.4914609, 30.6126785 46.4866513))",street
Тихая,"POLYGON((30.7025938 46.4983771, 30.705595 46.4948332, 30.7059167 46.4937257, 30.7025938 46.4983771))",street
Токио,"POLYGON((30.7340574 46.4657472, 30.7353877 46.4656468, 30.7354409 46.4659454, 30.734042 46.4660471, 30.7340574 46.4657472))",street
Толбухина,"POLYGON((30.72798 46.4292289, 30.7278719 46.429157, 30.7277484 46.429075, 30.7281503 46.4293094, 30.72798 46.4292289))",street
Толстого,"POLYGON((30.7221586 46.4787822, 30.7221478 46.4787806, 30.7222101 46.4786211, 30.7221586 46.4787822))",street
Томатная,"LINESTRING(30.6707141 46.463934, 30.6746167 46.4648483)",street
Тополева,"LINESTRING(30.7288373 46.4105248, 30.7205884 46.4094172)",street
Торговая,"LINESTRING(30.7198244 46.484014, 30.7309895 46.4906336, 30.7323425 46.4920163)",street
Тракторная,"POLYGON((30.6446332 46.4752659, 30.6448143 46.4755323, 30.6528178 46.4784423, 30.6446332 46.4752659))",street
Транспортная,"LINESTRING(30.7288285 46.4535785, 30.73236 46.4533669)",street
Трасса здоровья,"LINESTRING(30.7632836 46.4758774, 30.7609085 46.4669513, 30.7611568 46.4637699, 30.7629851 46.4599048, 30.7662225 46.4556477, 30.7676088 46.4534662, 30.7700071 46.449167, 30.770458 46.4474241, 30.7711018 46.4421825, 30.7713016 46.439244, 30.7706281 46.4377468, 30.7706586 46.4355966, 30.7690419 46.4313655, 30.7658737 46.427672, 30.7657389 46.4276115)",street
Троицкая,"LINESTRING(30.7316602 46.477339, 30.7497263 46.4759731)",street
Трудовая,"LINESTRING(30.7370341 46.4359551, 30.7413555 46.4355364)",street
ТРЦ Fontan Sky|ТРЦ Фонтанский,"POLYGON((30.7411374 46.4596209, 30.7421111 46.459546, 30.7421985 46.4601243, 30.7419607 46.4601383, 30.742213 46.4621555, 30.7417363 46.4621849, 30.7415993 46.4613341, 30.7414031 46.4612581, 30.7413276 46.4607708, 30.7414636 46.4607608, 30.7412237 46.4604316, 30.7411374 46.4596209))",street
Тульская,"LINESTRING(30.7125176 46.4072588, 30.719954 46.4082569)",street
Тургенева,"LINESTRING(30.6972724 46.4833782, 30.7002471 46.48305)",street
Туристская,"LINESTRING(30.6962063 46.4459881, 30.6949413 46.4447218, 30.69467 46.4442413, 30.6945596 46.4439684, 30.694644 46.4421411)",street
ТЦ Европа,"POLYGON((30.7377943 46.4840136, 30.7374294 46.4840396, 30.7373152 46.4835863, 30.737658 46.4835629, 30.7377943 46.4840136))",street
ТЦ Таировский,"POLYGON((30.724654 46.3909198, 30.7240934 46.3910267, 30.723985 46.3907389, 30.7246957 46.3906618, 30.724654 46.3909198))",street
ТЮЗ,"POLYGON((30.7337239 46.4833254, 30.7337485 46.4834962, 30.733975 46.4833517, 30.7340032 46.4835478, 30.7335594 46.4835778, 30.7334973 46.4831509, 30.7339415 46.4831196, 30.7339688 46.4833087, 30.7337239 46.4833254))",street
Угловая,"POLYGON((30.669596 46.4648191, 30.6710034 46.4671831, 30.6695968 46.468145, 30.669596 46.4648191))",street
Узикова|Гудовича,"LINESTRING(30.6982402 46.5004138, 30.6961925 46.5017613, 30.6891852 46.5023478, 30.6877052 46.5027503, 30.6855888 46.503685)",street
украинский театр,"POLYGON((30.7267356 46.490311, 30.7273485 46.4906812, 30.726877 46.4910313, 30.7269276 46.4908923, 30.7264047 46.4905791, 30.7267356 46.490311))",street
Улитина,"LINESTRING(30.6437176 46.4728413, 30.652475 46.4664018)",street
Улица Толбухина,"POLYGON((30.728906 46.4293988, 30.7294976 46.4292096, 30.7292828 46.429458, 30.728906 46.4293988))",street
Уманская,"LINESTRING(30.6459763 46.4729591, 30.6525005 46.4681926)",street
Умка,"POLYGON((30.7954125 46.5908923, 30.7957424 46.5906974, 30.796166 46.591036, 30.795836 46.5912309, 30.7954125 46.5908923))",street
Урожайна,"LINESTRING(30.751873 46.4206136, 30.7506383 46.4241048)",street
Урожайная,"LINESTRING(30.6431009 46.4658128, 30.6364487 46.4653617)",street
Усатово|Нерубайское,"POLYGON((30.6031 46.51039, 30.6098 46.51098, 30.61075 46.51183, 30.61632 46.51243, 30.61432 46.51469, 30.60966 46.51979, 30.61002 46.52014, 30.60871 46.52084, 30.59541 46.53555, 30.59493 46.53382, 30.59099 46.53256, 30.59127 46.53193, 30.59191 46.52855, 30.5934 46.52077, 30.59975 46.52131, 30.60056 46.52097, 30.60108 46.51903, 30.60178 46.51585, 30.60218 46.5131, 30.6031 46.51039))",street
Усатовская,"LINESTRING(30.6957198 46.4917566, 30.6989733 46.486842)",street
Успенская,"LINESTRING(30.7277478 46.4764403, 30.7553738 46.4744584)",street
Успех,"POLYGON((30.7141542 46.4169078, 30.7146636 46.4187984, 30.7145406 46.4189605, 30.7132659 46.4171072, 30.7141542 46.4169078))",street
Утёсова|Утесова,"LINESTRING(30.7274197 46.4766077, 30.7269249 46.4735766)",street
Ученическая,"LINESTRING(30.6313073 46.47395, 30.6318195 46.4676035)",street
Училищная,"LINESTRING(30.7037761 46.4912545, 30.6946074 46.4884265)",street
Учительская,"LINESTRING(30.6708564 46.4646698, 30.6736998 46.4654206)",street
Уютная,"LINESTRING(30.7546977 46.4667943, 30.7577836 46.4664741)",street
Уютный Дворик,"POLYGON((30.7169733 46.402119, 30.7170127 46.4019743, 30.7172068 46.4019995, 30.7171673 46.4021441, 30.7169733 46.402119))",street
Фабричная,"LINESTRING(30.6880416 46.459091, 30.6884086 46.4565953)",street
Февральская,"LINESTRING(30.6482611 46.4721323, 30.6491711 46.4727194)",street
Фесенко,"POLYGON((30.6520786 46.470072, 30.6507076 46.4716523, 30.6491711 46.4727194, 30.6520786 46.470072))",street
Филатова,"LINESTRING(30.7054936 46.4415353, 30.7060714 46.4415076, 30.721051 46.434966, 30.728454 46.429474)",street
Фоззи,POINT(30.706076 46.470474),street
фонтан|фонтанская,"LINESTRING(30.7384208 46.4516957, 30.7384667 46.4516559, 30.7391782 46.4501545, 30.7403976 46.447799, 30.7415281 46.4456752, 30.741754 46.445269, 30.7426841 46.4434892, 30.7451528 46.4387508, 30.7454693 46.4380842, 30.7458298 46.4374502, 30.7461072 46.4369101, 30.7467492 46.435679, 30.7474338 46.4343322, 30.7485915 46.4321895, 30.7492236 46.4310053, 30.7501075 46.4293625, 30.750479 46.4286727, 30.7513801 46.4270046, 30.7524555 46.4249199, 30.7531525 46.4231843, 30.7537157 46.4216938, 30.7540539 46.4207909, 30.7541845 46.4204444, 30.7533321 46.4186621, 30.7521883 46.4161904, 30.7537655 46.4147085, 30.7539549 46.4116323, 30.7556373 46.4106545, 30.7557022 46.4086495, 30.7551387 46.4058955, 30.7547157 46.4050553, 30.7533928 46.4025889, 30.7531119 46.4021219, 30.7505979 46.3984255, 30.7502138 46.3980263, 30.7472135 46.3913629)",street
Фонтанка|первая Фонтанка|вторая Фонтанка|третья Фонтанка|1 Фонтанка|2 Фонтанка|3 Фонтанка,"POLYGON((30.8306 46.56181, 30.83639 46.56161, 30.83888 46.55528, 30.83706 46.55179, 30.84094 46.55192, 30.84412 46.55322, 30.8481 46.554, 30.85313 46.55481, 30.85719 46.55613, 30.86101 46.55749, 30.865 46.55831, 30.86808 46.56013, 30.87109 46.56096, 30.87282 46.56219, 30.87528 46.56332, 30.87585 46.56443, 30.87938 46.56632, 30.87795 46.5703, 30.88405 46.57061, 30.88145 46.57861, 30.87666 46.58877, 30.87349 46.59762, 30.85561 46.59477, 30.81078 46.58786, 30.8129 46.58122, 30.8144 46.57684, 30.81654 46.57292, 30.81895 46.57243, 30.82746 46.57386, 30.82833 46.56934, 30.8306 46.56181))",street
Французский,"LINESTRING(30.7526248 46.4677311, 30.7540373 46.4645847, 30.7567592 46.4593644, 30.7589099 46.4573924, 30.7606311 46.4542045, 30.7640423 46.4463214, 30.7649609 46.4434003, 30.7653953 46.442801, 30.7665275 46.441858, 30.769359 46.4389993)",street
Хаджибеевская дорога,"LINESTRING(30.6998781 46.503496, 30.7008815 46.5059334, 30.7000797 46.5068632, 30.6961355 46.5102687, 30.6925791 46.5180995, 30.6906291 46.5193999, 30.6889531 46.5210237, 30.6862473 46.5227876, 30.6790349 46.5304597, 30.677526 46.533731, 30.6774983 46.5343408, 30.6779921 46.5352123, 30.6776653 46.5370532, 30.6760428 46.5387896, 30.6739689 46.5400173, 30.6689674 46.5422182)",street
Харьковская,"LINESTRING(30.7393369 46.4087884, 30.7398473 46.4067548)",street
Херсонский спуск,"POLYGON((30.7213613 46.4972256, 30.7185871 46.4960151, 30.7187403 46.4957855, 30.7195845 46.4957147, 30.7200523 46.4954075, 30.7213613 46.4972256))",street
Химическая,"LINESTRING(30.6769546 46.4887072, 30.6733265 46.4828212, 30.6735513 46.4733755, 30.672888 46.4731823)",street
Хрустальная,"LINESTRING(30.748588 46.4052806, 30.7551006 46.4061083)",street
художественный музей,"POLYGON((30.7285861 46.4934353, 30.7282438 46.4936269, 30.728291 46.493463, 30.7279119 46.4934521, 30.7280891 46.4933074, 30.7284453 46.4934291, 30.7287879 46.4930893, 30.7290767 46.4931995, 30.7285982 46.493603, 30.7285861 46.4934353))",street
Художника Фёдорова,"POLYGON((30.7383487 46.3867351, 30.7394848 46.3854924, 30.7404563 46.3849383, 30.7408799 46.3844814, 30.7425314 46.3816897, 30.7383487 46.3867351))",street
Хуторская,"LINESTRING(30.6712174 46.5118788, 30.6730153 46.5080764, 30.6785221 46.4984072, 30.6800608 46.4951012, 30.6808121 46.4942202, 30.6797124 46.491229, 30.6769546 46.4887072)",street
Цветаева,"LINESTRING(30.7172146 46.4576264, 30.7270954 46.4639391, 30.7273973 46.4639495)",street
Цветочная,"LINESTRING(30.7526171 46.4174916, 30.7471681 46.4190939)",street
Центролит,"POLYGON((30.8227415 46.6193397, 30.8213649 46.617699, 30.824236 46.6166673, 30.82556 46.6182406, 30.8227415 46.6193397))",street
Церковная,"LINESTRING(30.7243513 46.5004473, 30.7243146 46.5004515, 30.7242596 46.500462, 30.7242198 46.5004679, 30.7238838 46.5005162, 30.7237259 46.5005389, 30.7233452 46.5005935, 30.7227907 46.5006732, 30.7226115 46.5006989)",street
Циолковского,"LINESTRING(30.7021087 46.4581562, 30.7027389 46.4592313)",street
Цирк,"POLYGON((30.6922925 46.4273753, 30.692448 46.4267052, 30.6931609 46.4265646, 30.6930711 46.4275034, 30.6922925 46.4273753))",street
цирк,"POLYGON((30.7258511 46.4866734, 30.7263654 46.4869646, 30.726555 46.4868166, 30.7267672 46.4870068, 30.7266063 46.4871003, 30.7266871 46.4872917, 30.7262496 46.4873984, 30.7253937 46.486874, 30.7257407 46.4866044, 30.7258511 46.4866734))",street
Цифровой городок,"POLYGON((30.7383084 46.4682891, 30.7379758 46.4679455, 30.7380469 46.4678171, 30.7393853 46.4677312, 30.7387804 46.4678167, 30.7387684 46.4682618, 30.7383084 46.4682891))",street
ЦУМ,"POLYGON((30.7399256 46.471031, 30.7398969 46.4708276, 30.7406244 46.4707771, 30.7404776 46.4703888, 30.7407873 46.4703682, 30.7408695 46.4709689, 30.7399256 46.471031))",street
Цунами,"POLYGON((30.7101101 46.4882018, 30.7102011 46.4881165, 30.7104205 46.4882274, 30.7103295 46.4883127, 30.7101101 46.4882018))",street
Чабанка,"POLYGON((30.9957202 46.5972742, 30.9884084 46.6041407, 30.9778214 46.5976151, 30.9705811 46.5916801, 30.959742 46.5903499, 30.958598 46.5973413, 30.9458138 46.594311, 30.9310133 46.5913235, 30.9267099 46.5907304, 30.9245911 46.5828406, 30.9276327 46.5782602, 30.9431001 46.5805648, 30.955593 46.5825895, 30.9669724 46.5844801, 30.9766086 46.5866969, 30.9837618 46.5883806, 30.9956716 46.5916305, 30.9957202 46.5972742))",street
Чайка,"POLYGON((30.7492583 46.3951879, 30.7491463 46.3948958, 30.7493189 46.3948643, 30.7494309 46.3951564, 30.7492583 46.3951879))",street
Чайковского,"LINESTRING(30.7391164 46.4860611, 30.7430458 46.4857571)",street
Червоный хутор,POINT(30.69741 46.37916),street
Черепановых,"POLYGON((30.738575 46.4542277, 30.7369393 46.4543383, 30.733738 46.4524814, 30.738575 46.4542277))",street
Черниговская,"MULTILINESTRING((30.7417497 46.4108688, 30.7415351 46.411677, 30.7415236 46.4116932, 30.7415061 46.4117067, 30.7414838 46.4117163, 30.7414587 46.4117214, 30.7408702 46.4116761, 30.7402005 46.4116019, 30.7389428 46.4114717), (30.7363276 46.4111795, 30.7361703 46.4113286, 30.7360745 46.4118855, 30.7360429 46.4120625, 30.7358083 46.4129407), (30.7389428 46.4114717, 30.7375054 46.4112586, 30.7365998 46.4111656, 30.7363276 46.4111795))",street
Черное море,"POLYGON((30.7392581 46.4713478, 30.7398702 46.4712884, 30.7399083 46.471437, 30.7395124 46.4714664, 30.7395517 46.4717171, 30.7393184 46.4717327, 30.7392581 46.4713478))",street
Черноморец,"POLYGON((30.754216 46.4795429, 30.7545888 46.4791865, 30.7551038 46.4790387, 30.7558173 46.4790572, 30.7564503 46.4792696, 30.7568794 46.479748, 30.7568821 46.4807786, 30.7567078 46.4811683, 30.756123 46.4815137, 30.7556242 46.4815839, 30.7550341 46.4815506, 30.7542931 46.4812474, 30.7540275 46.4809579, 30.7539229 46.4802884, 30.7540973 46.4801905, 30.754216 46.4795429))",street
Чернышевского,"LINESTRING(30.7286344 46.4528837, 30.7286227 46.4528847, 30.7286032 46.4527784, 30.7286149 46.4527774)",street
Черняховского,"LINESTRING(30.7458723 46.4379537, 30.7459234 46.4377802, 30.7559218 46.4400657, 30.7563505 46.439791, 30.7564317 46.440179)",street
Чкаловский,"POLYGON((30.7640404 46.4468807, 30.7647015 46.4445514, 30.7655067 46.4430229, 30.766184 46.442903, 30.7669791 46.4431828, 30.769239 46.4434919, 30.7686554 46.4478629, 30.7675037 46.4477354, 30.7675554 46.4472914, 30.7658092 46.4471435, 30.7656815 46.4474113, 30.7652457 46.4473551, 30.7653462 46.4471285, 30.7640404 46.4468807))",street
Чкаловский пляж,"POLYGON((30.7719648 46.4465863, 30.7714605 46.4462074, 30.7714927 46.4453952, 30.7717577 46.444974, 30.7720267 46.4449837, 30.7719121 46.4455653, 30.7720892 46.4466056, 30.7719648 46.4465863))",street
Чубаевка,"POLYGON((30.7270615 46.421403, 30.72754 46.4214786, 30.7274562 46.4217309, 30.7269776 46.4216552, 30.7270615 46.421403))",street
Чубаевская,"LINESTRING(30.7430245 46.4194696, 30.7453313 46.4208022, 30.7471871 46.4238427, 30.7482997 46.4252141, 30.7495655 46.4264063, 30.7500373 46.4267338, 30.7513037 46.4271497)",street
Чумка,"POLYGON((30.7323986 46.4525102, 30.7313549 46.4525702, 30.7311731 46.4520523, 30.7324215 46.4517994, 30.7325407 46.4524999, 30.7323986 46.4525102))",street
Шампанский,"LINESTRING(30.7478468 46.4486817, 30.754898 46.4511265, 30.7549808 46.4517537, 30.7571785 46.4518012, 30.761134 46.453128, 30.7647718 46.4541439)",street
Шахский дворец,"POLYGON((30.7352461 46.4905694, 30.7352453 46.4908967, 30.7347265 46.4909781, 30.7346998 46.4907946, 30.7350241 46.490828, 30.7349933 46.4905136, 30.7352461 46.4905694))",street
Швыгина,"LINESTRING(30.7393354 46.4387976, 30.7315742 46.4396608)",street
Шестой элемент|6 км|6км|6 элемент|Елемент|Елимент|шкодогорка,"POLYGON((30.6626844 46.4500226, 30.6626644 46.4478706, 30.66391 46.4478651, 30.6639137 46.4482649, 30.6641618 46.4482638, 30.664216 46.4486193, 30.664229 46.4500157, 30.6626844 46.4500226))",street
Шефская,"LINESTRING(30.6572797 46.4661193, 30.657491 46.4663151, 30.6580994 46.4679313, 30.6577847 46.4686247, 30.658017 46.4694529, 30.6589634 46.4698983, 30.6600298 46.4722918)",street
Шилова,"LINESTRING(30.6843518 46.4867335, 30.6850404 46.4897791)",street
Ширшова,"POLYGON((30.7072291 46.4938042, 30.7069431 46.4952239, 30.7038099 46.4989139, 30.7072291 46.4938042))",street
шишкина,"LINESTRING(30.7459815 46.4095041, 30.7366109 46.4085386, 30.7298697 46.4076354)",street
Шкиперская,"LINESTRING(30.7298758 46.3681034, 30.7281486 46.3676156, 30.7256406 46.365965, 30.7230742 46.364809, 30.7231349 46.3645648, 30.7201488 46.3627589, 30.7195174 46.3626352, 30.7190453 46.362123, 30.71549 46.3596067, 30.7145645 46.358668)",street
Шкодова гора,"LINESTRING(30.6848508 46.5091802, 30.6817792 46.5109716)",street
Школьный,"POLYGON((30.6862282 46.4145872, 30.6837041 46.4151262, 30.6831345 46.4150123, 30.6889483 46.4139806, 30.6889222 46.4135972, 30.6903559 46.4133276, 30.6904949 46.413705, 30.6943789 46.4129982, 30.694153 46.4118959, 30.6962514 46.4121088, 30.6964642 46.4110991, 30.6981238 46.4112429, 30.6980977 46.411806, 30.7037716 46.412489, 30.7039305 46.4117388, 30.7047699 46.4118441, 30.7047379 46.412002, 30.7065794 46.4121175, 30.706412 46.4133178, 30.7076045 46.4141966, 30.7085735 46.416938, 30.7053182 46.4193478, 30.7059351 46.4196953, 30.6982161 46.426793, 30.6979674 46.4264933, 30.6975503 46.4263616, 30.695415 46.427846, 30.6930711 46.4275034, 30.6931609 46.4265646, 30.692448 46.4267052, 30.6911284 46.4264889, 30.6908588 46.4274511, 30.6887743 46.4270464, 30.6897287 46.4150724, 30.6900179 46.4143931, 30.6889451 46.414253, 30.686185 46.4146968, 30.6862282 46.4145872))",street
Школьный аэродром,"LINESTRING(30.7091053 46.411974, 30.712956 46.4122881)",street
Шмидта,"POLYGON((30.7420506 46.468252, 30.7423175 46.4685967, 30.7429673 46.4723904, 30.7420506 46.468252))",street
Шовкуненко,"LINESTRING(30.7498664 46.4386816, 30.7499 46.438, 30.75005 46.4372, 30.7502 46.4368, 30.7503134 46.4364923, 30.7503211 46.4364565, 30.750335 46.4363923, 30.7503414 46.4363719, 30.7504136 46.4361412, 30.7504804 46.435964, 30.750509 46.4358992, 30.7505403 46.4358411, 30.7506931 46.4355784, 30.7507471 46.4354816, 30.7508057 46.4353565, 30.7508735 46.4352168, 30.7509404 46.4350501, 30.7508953 46.4349576, 30.7507532 46.434837, 30.7506962 46.4347972, 30.7506339 46.4347138)",street
Шота Руставели,"LINESTRING(30.7105463 46.4528919, 30.7215087 46.4526689)",street
Штилевая,"LINESTRING(30.7661246 46.5608388, 30.7700717 46.5630017)",street
Штурвальная,"POLYGON((30.7485915 46.4321895, 30.7451773 46.4313271, 30.7434758 46.4298944, 30.7485915 46.4321895))",street
Щеголева,"LINESTRING(30.7184584 46.4978284, 30.7195528 46.500855)",street
щерса|щёрса|щорса,"LINESTRING(30.703196 46.442792, 30.683025 46.451654)",street
Элеваторная,"LINESTRING(30.6629422 46.4618111, 30.6634781 46.4644143)",street
Эстафетная,"LINESTRING(30.7147127 46.3804833, 30.7251368 46.3816873)",street
Эстонская,"LINESTRING(30.7230836 46.3814046, 30.7235545 46.3768577)",street
Юбилейная,"POLYGON((30.7328178 46.473941, 30.7328436 46.4741164, 30.73257 46.4741356, 30.7325441 46.4739602, 30.7328178 46.473941))",street
Юго-западный массив|Югозападный|Юго-западный|ЮЗМ,POINT(30.727215 46.434271),street
Южная дорога,"LINESTRING (30.7906746 46.5653865, 30.7924625 46.5656012, 30.7932808 46.56571, 30.7955913 46.5660068, 30.7975359 46.5662242, 30.800483 46.5664308, 30.8018675 46.5663118, 30.8034493 46.5660433, 30.8057906 46.565437, 30.8087385 46.5646562, 30.8109476 46.5640795, 30.8127939 46.56371, 30.8149805 46.5634648, 30.8160064 46.5633647, 30.8191589 46.5630299, 30.8210871 46.5628316, 30.8244765 46.5624761, 30.8256304 46.5623526, 30.8280239 46.5621018, 30.8302972 46.5619059)",street
Южный,"POLYGON((30.7238868 46.3956951, 30.7239197 46.3954474, 30.7239356 46.3954489, 30.7238868 46.3956951))",street
юридическая академия|онюа|юрка,"POLYGON((30.7441608 46.4422906, 30.7437208 46.4423368, 30.7441932 46.4414182, 30.7446987 46.4415202, 30.7448902 46.4411745, 30.7460503 46.4412059, 30.7462355 46.4413078, 30.7464362 46.4419167, 30.7441608 46.4422906))",street
Ядова,"LINESTRING(30.6941365 46.485902, 30.6886157 46.4863756, 30.6843518 46.4867335, 30.6813006 46.4870897, 30.6799003 46.4875851, 30.6785655 46.4880712, 30.6773631 46.4886289, 30.6769546 46.4887072)",street
Якира|ицхака рабина|рабина,"LINESTRING(30.7046756 46.4416045, 30.6949198 46.4313935, 30.6947073 46.4310561, 30.69489 46.430566)",street
Якорь,"POLYGON((30.7463279 46.3838712, 30.7458202 46.3838799, 30.7458957 46.384563, 30.7454861 46.3845626, 30.7452453 46.3838944, 30.7450271 46.3838799, 30.7448125 46.3832242, 30.7480915 46.382656, 30.7482246 46.3833039, 30.7465083 46.3833734, 30.7463153 46.383602, 30.7463279 46.3838712))",street
Якутская,"LINESTRING(30.7190104 46.3778111, 30.7249057 46.3783589)",street
Ямчитского,"LINESTRING(30.7480286 46.4677697, 30.7476733 46.4652526)",street
Ярмарочная,"LINESTRING(30.7324371 46.5290573, 30.7325189 46.5292123)",street
Ясиновского,"LINESTRING(30.717256 46.4782471, 30.7223191 46.4785768)",street
Яхта,"POLYGON((30.6993937 46.4350465, 30.6993506 46.4350043, 30.6996289 46.4349327, 30.6993937 46.4350465))",street
Яши Гордиенко,"LINESTRING(30.6985361 46.4967837, 30.7027377 46.4904509, 30.7037063 46.4889332, 30.7036803 46.4887725)",street
Ёлочная,"LINESTRING(30.7420864 46.4043555, 30.7424613 46.4029815, 30.7418632 46.4027867, 30.7420864 46.4043555)",street
Александровка|Олександрівка,POINT(30.6312513 46.3279486),town
Белгород-Днестровский|Білгород-Дністровський,POINT(30.345784 46.1909823),town
Беляевка|Біляївка,POINT(30.2120913 46.4844245),town
Буялык|Буялик,POINT(30.7185695 46.9105097),town
Великодолинское|Великодолинське,POINT(30.5759542 46.3467158),town
Красносёлка|Красносілка,POINT(30.77614 46.623569),town
Лиманка,POINT(30.690874 46.3731032),town
Маяки,POINT(30.2750575 46.416632),town
Овидиополь|Овідіополь,POINT(30.4448614 46.2473734),town
Теплодар,POINT(30.3272329 46.5050729),town
Южный|Південне,POINT(31.0994897 46.6225029),town
Алексеевская площадь,"POLYGON((30.7135288 46.4607873, 30.7160086 46.4607734, 30.7163305 46.4584394, 30.7135288 46.4607873))",landmark
Алексеевский сквер,"POLYGON((30.7138718 46.4606597, 30.7139179 46.4595945, 30.716089 46.4595971, 30.7159176 46.4606612, 30.7138718 46.4606597))",park
Артиллерийский парк,"POLYGON((30.7357033 46.4509726, 30.7345667 46.4511851, 30.7340977 46.4508456, 30.7334048 46.4509924, 30.7333575 46.4514252, 30.7313479 46.4518374, 30.7311533 46.4516702, 30.7292981 46.4520469, 30.72938 46.4522468, 30.7288865 46.4523473, 30.7287617 46.4522954, 30.7285521 46.4511674, 30.7287949 46.4510838, 30.7285328 46.4498723, 30.7282905 46.4497353, 30.7280633 46.4485951, 30.7285643 46.4487244, 30.7312849 46.4481542, 30.7313197 46.4483137, 30.7319205 46.4481777, 30.7320235 46.4483019, 30.7328535 46.4482791, 30.7332256 46.4493094, 30.7337071 46.4499331, 30.7344715 46.4504737, 30.7357033 46.4509726))",park
Базарная|Кирова,"LINESTRING(30.7244032 46.475927, 30.7254998 46.4751032, 30.754485 46.473058)",market
Греческая площадь,"POLYGON((30.7360661 46.482815, 30.7359919 46.4832198, 30.7356244 46.4833826, 30.7352304 46.4832706, 30.7350844 46.4829098, 30.7360661 46.482815))",landmark
Еврейское кладбище,"POLYGON((30.671087 46.4905891, 30.6684774 46.4863655, 30.674349 46.4849026, 30.6766552 46.4885798, 30.676403 46.488879, 30.673633 46.4899768, 30.671087 46.4905891))",landmark
Екатерининская площадь,"POLYGON((30.738759 46.4875016, 30.7392322 46.4870251, 30.7398513 46.487426, 30.7392814 46.4874736, 30.738759 46.4875016))",landmark
Западное кладбище,"POLYGON((30.6200285 46.4997734, 30.6204631 46.4974414, 30.6222075 46.4976051, 30.623123 46.4931126, 30.6254557 46.4933774, 30.6255545 46.4929312, 30.6266209 46.4930447, 30.6267351 46.492593, 30.6277121 46.4926694, 30.6281822 46.4901442, 30.6294876 46.4902862, 30.6300893 46.4880027, 30.6316803 46.4881444, 30.6316254 46.4892729, 30.6304137 46.4939419, 30.6318154 46.4940894, 30.6311802 46.4960836, 30.6241231 46.5036983, 30.6234219 46.5039315, 30.6125398 46.5027136, 30.6147297 46.4929258, 30.6167202 46.4924759, 30.6173479 46.4925426, 30.6172006 46.493182, 30.618135 46.4932771, 30.6174707 46.4971088, 30.6178807 46.4971476, 30.6174813 46.4992457, 30.6183323 46.4993174, 30.6183525 46.4997163, 30.6198634 46.4998793, 30.6200285 46.4997734))",landmark
зоопарк,"POLYGON((30.7310127 46.4684518, 30.7310035 46.4669669, 30.7315425 46.4653116, 30.7314393 46.4636671, 30.732759 46.4634306, 30.7329343 46.4647991, 30.7323387 46.4648348, 30.732671 46.4682904, 30.7323124 46.4682635, 30.7323054 46.4684652, 30.7310127 46.4684518))",park
Зоопарковая,"MULTILINESTRING((30.7499745 46.4449228, 30.749811 46.4449002, 30.7493962 46.4447922, 30.7491743 46.444731, 30.7479323 46.4443808, 30.7477891 46.4443404, 30.7476799 46.4443096, 30.7466363 46.4440153, 30.7449714 46.4435459, 30.7444219 46.443384, 30.7442622 46.443337), (30.7429409 46.4435579, 30.7428678 46.4435383, 30.7427943 46.4435187, 30.7426841 46.4434892), (30.7442622 46.443337, 30.744167 46.443343, 30.7441133 46.4433744, 30.7438451 46.4436886, 30.7438052 46.4437092, 30.7437727 46.4437127, 30.7437244 46.4437127, 30.7435952 46.4436872, 30.7432741 46.4436237, 30.7430016 46.4435699, 30.7429409 46.4435579))",park
киевский рынок,"POLYGON((30.7308864 46.4004145, 30.7272982 46.399974, 30.7253079 46.3997377, 30.725418 46.3993234, 30.7265652 46.3994502, 30.7276084 46.3997669, 30.7287766 46.3998964, 30.7294831 46.3997669, 30.7309614 46.4000035, 30.7308864 46.4004145))",market
Кладбищенская,"LINESTRING(30.6903216 46.4967732, 30.6955286 46.4962258, 30.6959875 46.4960191, 30.7016912 46.4977446)",landmark
Кривобалковское кладбище,"POLYGON((30.6908268 46.4996649, 30.6912019 46.5011, 30.6894863 46.5013247, 30.6887458 46.4998653, 30.6908268 46.4996649))",landmark
Крыжановский рынок,"POLYGON((30.7895444 46.5665488, 30.7891022 46.5659528, 30.7899229 46.5656883, 30.789662 46.5664915, 30.7895444 46.5665488))",market
лунапарк,"POLYGON((30.755084 46.4760857, 30.7551793 46.4749172, 30.7552865 46.4749099, 30.7551569 46.4745431, 30.755309 46.4745353, 30.7555991 46.4746951, 30.7556836 46.4753036, 30.7561578 46.4758471, 30.7556588 46.4761335, 30.7551816 46.4761949, 30.755084 46.4760857))",park
Мечниковский сквер,"POLYGON((30.717079 46.4906877, 30.7170731 46.4898042, 30.7173319 46.4888726, 30.7188939 46.4890171, 30.7187428 46.4905334, 30.7178304 46.4904865, 30.717079 46.4906877))",park
Михайловская площадь,"POLYGON((30.7105583 46.4690428, 30.710219 46.4689089, 30.7098582 46.4684951, 30.7098808 46.4679439, 30.7102739 46.4674804, 30.7114423 46.467238, 30.7121837 46.4674513, 30.7124841 46.467758, 30.7125351 46.4680868, 30.7123581 46.468205, 30.7122105 46.4690262, 30.7105583 46.4690428))",landmark
Мичурина площадь,"LINESTRING(30.7121959 46.5397742, 30.7144448 46.5409657)",landmark
Молодёжи площадь,"LINESTRING(30.7025932 46.4930073, 30.7037761 46.4912545)",landmark
Молодёжный сквер,"POLYGON((30.7935244 46.5852902, 30.7953095 46.5841775, 30.7955606 46.584209, 30.7978955 46.5864136, 30.7975951 46.5865503, 30.7971821 46.5863097, 30.7965938 46.5865942, 30.7967977 46.5867935, 30.7966033 46.5868858, 30.79711 46.5871702, 30.7963027 46.5875569, 30.7935244 46.5852902))",park
Независимости площадь,"POLYGON((30.7240745 46.3992432, 30.7233336 46.3992884, 30.7230786 46.3991304, 30.7230006 46.3988324, 30.7233681 46.3985412, 30.7239409 46.3985555, 30.724273 46.3988714, 30.7240745 46.3992432))",landmark
Новый Рынок,"POLYGON((30.7227421 46.4877237, 30.7241394 46.4865887, 30.7262043 46.487891, 30.7248816 46.4889396, 30.7227421 46.4877237))",market
Олимпийский сквер,"POLYGON((30.7566947 46.4485273, 30.7578696 46.447035, 30.7593817 46.4475099, 30.7583487 46.4489928, 30.7566947 46.4485273))",park
Оптовый рынок,"POLYGON((30.7034605 46.3880522, 30.7037293 46.3859498, 30.7044582 46.3860035, 30.7046899 46.3881014, 30.7034605 46.3880522))",market
Парк Горького,"POLYGON((30.720125 46.4299784, 30.7171041 46.4318691, 30.7169111 46.4318638, 30.7133109 46.4293822, 30.7133412 46.4291896, 30.7172696 46.4266136, 30.717663 46.426645, 30.7209774 46.4291163, 30.7209947 46.4294357, 30.720125 46.4299784))",park
Парк Ильича,"POLYGON((30.7299888 46.4681283, 30.7296197 46.467876, 30.7283189 46.4678946, 30.728292 46.467324, 30.7286201 46.4673203, 30.7286309 46.466583, 30.7277249 46.4665838, 30.7275702 46.4638676, 30.7309016 46.4638031, 30.7314393 46.4636671, 30.7315425 46.4653116, 30.7310035 46.4669669, 30.7310127 46.4684518, 30.7300252 46.468518, 30.7299888 46.4681283))",park
Парк Космонавтов,"POLYGON((30.7387941 46.4521411, 30.7387325 46.4515988, 30.739336 46.4502828, 30.7414891 46.4508968, 30.7417922 46.4524328, 30.7411445 46.453161, 30.7392394 46.4524504, 30.7387941 46.4521411))",park
парк Победы,"POLYGON((30.7502509 46.441498, 30.7564172 46.4406486, 30.7569592 46.4409361, 30.7583546 46.4458977, 30.7572612 46.4476163, 30.7566588 46.4482701, 30.7567975 46.4483238, 30.7556456 46.4499987, 30.754361 46.4494747, 30.7542723 46.449298, 30.7499351 46.4477749, 30.7505536 46.4467102, 30.7512791 46.4467712, 30.7515581 46.4463026, 30.7515824 46.4459192, 30.7499135 46.445388, 30.7501754 46.4449341, 30.7502509 46.441498))",park
Парк Шевченко,"POLYGON((30.7507902 46.4827322, 30.7500758 46.4769849, 30.7525937 46.476858, 30.7526328 46.4770681, 30.7540671 46.4768996, 30.7544963 46.4766355, 30.7546894 46.4762827, 30.7544104 46.4745815, 30.755309 46.4745353, 30.7567027 46.4750861, 30.7594138 46.4775358, 30.7604636 46.477061, 30.7621499 46.4774101, 30.7633904 46.4778742, 30.7629653 46.4785603, 30.7627279 46.4784309, 30.7621048 46.4790695, 30.7617552 46.4797394, 30.7595545 46.480857, 30.7593763 46.480734, 30.7551184 46.4825257, 30.7522697 46.4833843, 30.7508679 46.4834914, 30.7507902 46.4827322))",park
Парк Энтузиастов,"POLYGON((30.8031871 46.5782299, 30.8022602 46.5768187, 30.802392 46.5767745, 30.8022223 46.5765351, 30.8047171 46.5759738, 30.8057019 46.577388, 30.8031871 46.5782299))",park
Парк Юность,"POLYGON((30.7641717 46.4222864, 30.7636225 46.4221644, 30.7619649 46.4213492, 30.7601571 46.4200818, 30.7621733 46.4195323, 30.7633717 46.4206426, 30.7652901 46.4218049, 30.7641717 46.4222864))",park
площадь Толстого,"POLYGON((30.7236194 46.4796302, 30.723315 46.4797801, 30.723378 46.4795311, 30.7236194 46.4796302))",landmark
Радиорынок,"POLYGON((30.7242596 46.4979528, 30.7243639 46.4973581, 30.725509 46.4971476, 30.7253915 46.4976734, 30.7250123 46.4976288, 30.7248863 46.4980297, 30.7242596 46.4979528))",market
Рынок Левитан,"POLYGON((30.7290694 46.4073215, 30.729134 46.4071367, 30.728813 46.4070873, 30.7289874 46.4068067, 30.7297973 46.4069995, 30.7296391 46.4074202, 30.7290694 46.4073215))",market
рынок северный,"POLYGON((30.7918539 46.5862844, 30.7921183 46.5861312, 30.7929235 46.5868037, 30.7942329 46.5859798, 30.7960696 46.5874486, 30.7939963 46.5886594, 30.7917273 46.5869531, 30.7917355 46.5866814, 30.7921054 46.5864646, 30.7918539 46.5862844))",market
Рынок Черемушки|Черёмушки|Черемушки,"POLYGON((30.7110315 46.432259, 30.7132847 46.4312345, 30.7134578 46.4314011, 30.7144838 46.4306678, 30.7146132 46.4307547, 30.7135094 46.4315279, 30.7141272 46.4319599, 30.7140183 46.4320253, 30.7141959 46.4322119, 30.7134665 46.4324645, 30.7133843 46.4323733, 30.7119045 46.433119, 30.7110315 46.432259))",market
рынок южный,"POLYGON((30.7241579 46.3966775, 30.724447 46.3936946, 30.725548 46.393677, 30.7254615 46.3946431, 30.7259444 46.3947808, 30.7258476 46.3954562, 30.7255691 46.3954506, 30.7255041 46.395773, 30.7251375 46.3957655, 30.7250894 46.3967109, 30.7241579 46.3966775))",market
Савицкий парк,"POLYGON((30.6911542 46.4628439, 30.6917214 46.4621645, 30.6906587 46.4617363, 30.6917252 46.4606635, 30.6987883 46.460836, 30.6988116 46.4634127, 30.6945933 46.464238, 30.6949857 46.4656578, 30.6945908 46.4656803, 30.6942142 46.464393, 30.6924397 46.4643641, 30.69217 46.4635591, 30.6911542 46.4628439))",park
Сквер героев-лётчиков,"POLYGON((30.7452151 46.4383892, 30.7442951 46.4384447, 30.7444802 46.4381286, 30.7442656 46.4380843, 30.7445875 46.4375575, 30.7452714 46.4378014, 30.7454056 46.4379974, 30.7452151 46.4383892))",park
Сквер героев-пограничников,"POLYGON((30.7308671 46.4370713, 30.7307108 46.4362012, 30.7322283 46.435443, 30.7323524 46.4355119, 30.7327512 46.4368887, 30.7308671 46.4370713))",park
Сквер Серединский,"POLYGON((30.7212203 46.4739896, 30.7211761 46.4736903, 30.7202061 46.4728512, 30.7212203 46.4739896))",park
Сквер Шклярука,"POLYGON((30.7581379 46.413847, 30.757706 46.4141154, 30.7573957 46.4137887, 30.7567297 46.4140893, 30.7563032 46.4136308, 30.7583146 46.4129379, 30.7584285 46.4131658, 30.7577718 46.4134294, 30.7581379 46.413847))",park
Скейт-парк,"POLYGON((30.789619 46.5781434, 30.7892528 46.5782369, 30.7891636 46.5780717, 30.7895298 46.5779783, 30.789619 46.5781434))",park
Скейтпарк,"POLYGON((30.7577483 46.4807686, 30.7574898 46.4804142, 30.7577246 46.4801472, 30.7581879 46.4806075, 30.7577483 46.4807686))",park
Слободское кладбище,"POLYGON((30.691144 46.4987386, 30.6906018 46.4967851, 30.6958054 46.4962463, 30.6959631 46.4961166, 30.7000796 46.4972566, 30.6983476 46.498787, 30.691144 46.4987386))",landmark
Слободской рынок,"POLYGON((30.7037901 46.4931819, 30.7033855 46.4930564, 30.7027238 46.4928493, 30.7029675 46.4924843, 30.7040038 46.4928089, 30.7037901 46.4931819))",market
Соборка|Соборная площадь,"POLYGON((30.7326414 46.4845323, 30.7313835 46.4848091, 30.730358 46.482629, 30.732322 46.482454, 30.7326414 46.4845323))",landmark
Стамбульский парк,"POLYGON((30.7418015 46.4881068, 30.7417409 46.4879936, 30.7437399 46.4861259, 30.7441037 46.4861723, 30.7450215 46.4852128, 30.7455442 46.4849784, 30.7457474 46.4851472, 30.744969 46.485545, 30.7453204 46.4859466, 30.7425787 46.4884865, 30.7418015 46.4881068))",park
Старобазарный|Кировский,"POLYGON((30.7334181 46.4754573, 30.7331419 46.4736505, 30.7353785 46.4734884, 30.7356547 46.4752952, 30.7334181 46.4754573))",market
Старосенная|пл. Старосенная|Старосенная площадь,"POLYGON((30.739221 46.4663029, 30.737426 46.466343, 30.7372734 46.4665154, 30.7368112 46.4665365, 30.7356449 46.465272, 30.7389897 46.4650468, 30.739221 46.4663029))",landmark
Таировское кладбище,"POLYGON((30.70026 46.3957318, 30.7005779 46.3943472, 30.7004858 46.3937958, 30.70026 46.3957318))",landmark
таможенная площадь,"LINESTRING(30.7464818 46.4846191, 30.7467994 46.4851766)",landmark
Тираспольский сквер,"POLYGON((30.7235883 46.4753229, 30.7234431 46.4754421, 30.7228348 46.4755389, 30.7235013 46.4749633, 30.7236523 46.4750304, 30.7235883 46.4753229))",park
Херсонский сквер,"POLYGON((30.722879 46.4957076, 30.7232022 46.4961064, 30.7231003 46.4964175, 30.7234624 46.4966991, 30.7231727 46.4968524, 30.7229166 46.4968754, 30.7225856 46.4966623, 30.7214293 46.496643, 30.7213828 46.4969098, 30.7208322 46.4969295, 30.718674 46.4959881, 30.7188496 46.4958223, 30.7195097 46.495816, 30.7199258 46.4956431, 30.7208928 46.4962072, 30.7215974 46.4962081, 30.7217734 46.4964659, 30.7226403 46.4962412, 30.72258 46.4957776, 30.722879 46.4957076))",park
Ярмарочная площадь,"LINESTRING(30.7347659 46.5285131, 30.728684 46.5295652)",landmark
Авангард,POINT(30.613808 46.471085),village
Августовка|Августівка,POINT(30.6475558 46.6404652),village
Адамовка|Адамівка,POINT(30.506952 46.8860638),village
Александровка|Олександрівка,POINT(30.374535 46.752388),village
Александровка|Олександрівка,POINT(30.87364 46.60881),village
Алтестове,"POLYGON((30.5488021 46.6384503, 30.5484466 46.6373281, 30.5480879 46.637046, 30.5466034 46.6355871, 30.5463919 46.6351349, 30.5463204 46.6343433, 30.5443363 46.6343364, 30.5443328 46.6339215, 30.5457922 46.6339314, 30.545765 46.6320527, 30.5454487 46.6318195, 30.5453677 46.6314201, 30.5455718 46.6300692, 30.5461659 46.6297626, 30.5468719 46.6295122, 30.5475747 46.6293443, 30.5475622 46.6285924, 30.5483993 46.6283604, 30.5485608 46.6281591, 30.5493587 46.6279654, 30.5490393 46.6268005, 30.5499334 46.6264183, 30.5501169 46.6260101, 30.5504981 46.6260859, 30.5501244 46.6270431, 30.5502238 46.6275653, 30.5510305 46.6275001, 30.5512409 46.6279388, 30.5513192 46.6285505, 30.5511147 46.6291973, 30.5501025 46.6292341, 30.5498417 46.6303189, 30.5503609 46.63186, 30.5494083 46.6320292, 30.5496111 46.6330821, 30.5496235 46.6339174, 30.5497138 46.6346416, 30.5501213 46.6346972, 30.5500995 46.6351308, 30.5498382 46.6351735, 30.5501369 46.6364672, 30.5500747 46.6370012, 30.5499409 46.6381291, 30.5496796 46.6384709, 30.5488021 46.6384503))",village
Алтестово|Алтестове,POINT(30.546446 46.6299672),village
Барабой,POINT(30.514801 46.287064),village
Беляры|Білярі,POINT(31.031178 46.6227),village
Березань,POINT(30.430071 46.567612),village
Бессарабка,"POLYGON((31.2291741 46.7380813, 31.2269738 46.7372765, 31.2263685 46.73686, 31.2260902 46.736575, 31.2260628 46.736243, 31.2266289 46.7355273, 31.2272966 46.7344414, 31.225329 46.7334266, 31.224786 46.7330112, 31.2243579 46.7317831, 31.2244601 46.7314749, 31.2246499 46.7313357, 31.2249082 46.7313065, 31.2293996 46.7319598, 31.2311693 46.7322922, 31.2321131 46.7325503, 31.2324916 46.7327394, 31.2332407 46.7332698, 31.2335328 46.7333754, 31.2348967 46.7336495, 31.2355029 46.734003, 31.2364821 46.7343594, 31.2391727 46.7350167, 31.2400537 46.7352614, 31.240222 46.7354436, 31.2399614 46.7362485, 31.239617 46.737331, 31.2389623 46.739422, 31.2389426 46.7396351, 31.2346216 46.739424, 31.2341873 46.7401903, 31.2338603 46.740409, 31.2334836 46.740446, 31.2322724 46.740036, 31.2279457 46.7389672, 31.2279391 46.7387729, 31.2286377 46.7386842, 31.2291741 46.7380813))",village
Бессарабка,POINT(31.2335856 46.7368146),village
Благодатное|Благодатне,POINT(30.8274849 46.7541669),village
Благодатное|Благодатне,POINT(30.2647158 46.7184223),village
Блонское|Блонське,POINT(30.4436282 46.8650332),village
Богатырёвка|Богатирівка,POINT(30.517321 46.25246),village
Болгарка,POINT(30.459249 46.689491),village
Большая Балка|Велика Балка,POINT(30.60722 46.564522),village
Бриновка|Бринівка,POINT(30.38784 46.752998),village
Бритовка|Бритівка,POINT(30.28347 46.17485),village
Будячки,POINT(30.3536832 46.6963394),village
Булдынка|Булдинка,POINT(30.977516 46.660427),village
Бурдовка|Бурдівка,POINT(30.4380294 46.8014172),village
Бурлачья Балка|Бурлача Балка,POINT(30.6640399 46.3396286),village
Бутовка|Бутівка,POINT(31.0380437 46.7643794),village
Буцыновка|Буцинівка,POINT(30.220749 46.76228),village
Важное|Важне,POINT(30.4519361 46.5696032),village
Вакуловка|Вакулівка,POINT(30.324459 46.692093),village
Вапнярка,"POLYGON((30.8887428 46.5864847, 30.8875331 46.5864573, 30.8856565 46.5861188, 30.8861709 46.5848131, 30.885087 46.5846266, 30.8799689 46.58363, 30.8801101 46.5830298, 30.8791205 46.5827526, 30.8795197 46.5802678, 30.8810127 46.5777133, 30.8759584 46.5769831, 30.8769828 46.5742899, 30.8796699 46.5746617, 30.8811604 46.5704423, 30.8851695 46.5706899, 30.8852939 46.5691559, 30.885076 46.5691086, 30.8852667 46.568546, 30.885214 46.5685436, 30.8852869 46.5683387, 30.8853525 46.5678022, 30.8921358 46.5695931, 30.8937407 46.5712617, 30.8920956 46.5739299, 30.8916986 46.5748813, 30.8913392 46.5759249, 30.8908778 46.577374, 30.8904755 46.5778018, 30.8896762 46.5789522, 30.8891934 46.5861585, 30.8887428 46.5864847))",village
Вапнярка,POINT(30.8915 46.571041),village
Василевка|Василівка,POINT(30.3029761 46.6129353),village
Великие Ламзаки|Великі Ламзаки,POINT(30.7923558 46.8007148),village
Великий Буялык|Великий Буялик,"LINESTRING(30.6420761 46.8994082, 30.6421727 46.9023318, 30.6423819 46.9030428, 30.6437498 46.907045)",village
Великий Дальник,POINT(30.559851 46.476292),village
Визирка,"POLYGON((31.0060712 46.6719826, 31.0049024 46.6765023, 31.0021063 46.676846, 31.002238 46.6777387, 31.0041854 46.6776968, 31.0045103 46.6797136, 31.0048005 46.6816415, 31.0056712 46.6861478, 31.0059968 46.6876191, 31.0062657 46.6882649, 31.0066267 46.6901002, 31.0073771 46.6910422, 31.0064144 46.6917268, 31.0035618 46.6902508, 31.0035571 46.6912697, 31.0025773 46.6947999, 31.0015577 46.6989172, 31.0001449 46.7020597, 30.9979008 46.7033896, 30.9974382 46.7034321, 30.9961853 46.7033641, 30.9958739 46.7034879, 30.9956155 46.7038738, 30.9952864 46.7040801, 30.9948263 46.7041651, 30.9942282 46.7041505, 30.994168 46.7041117, 30.9942211 46.7036287, 30.9942494 46.7033447, 30.9942034 46.703153, 30.9944228 46.7021312, 30.9944145 46.6921701, 30.9951763 46.6886818, 30.9950475 46.6858115, 30.9952127 46.6848236, 30.9962418 46.6827776, 30.9964143 46.6821899, 30.9958377 46.6785009, 30.9954909 46.6785665, 30.9953352 46.6785204, 30.9952038 46.6783355, 30.9951365 46.6778474, 30.9950622 46.677726, 30.994864 46.677556, 30.9947826 46.6771821, 30.9945066 46.6770024, 30.9944782 46.6769077, 30.9945392 46.6750447, 30.9945124 46.6746435, 30.9945768 46.6735945, 30.9946626 46.6735319, 30.9949362 46.6735245, 30.9951755 46.6722033, 30.9959181 46.6708863, 30.9962328 46.6707886, 30.9997941 46.6709727, 31.0008024 46.6713354, 31.0060712 46.6719826))",village
Визирка,POINT(30.997566 46.696785),village
Виноградарь|Виноградар,POINT(30.33987 46.680103),village
Виноградное|Виноградне,"POLYGON((31.2344221 46.6981048, 31.2341926 46.6988707, 31.2338414 46.6995426, 31.2326037 46.7016246, 31.2306577 46.7010982, 31.2304711 46.7013408, 31.2217718 46.6987311, 31.2203629 46.6984595, 31.2198532 46.6983137, 31.2194109 46.6980231, 31.2188498 46.697697, 31.2180854 46.6974146, 31.2187028 46.696408, 31.2190053 46.6962709, 31.219583 46.6952605, 31.2199961 46.6953665, 31.2209785 46.6939184, 31.2246137 46.6949063, 31.2252719 46.694566, 31.2272032 46.6950728, 31.2273731 46.6951174, 31.2274661 46.6951418, 31.2276308 46.6951943, 31.2276313 46.6959154, 31.2289186 46.6963059, 31.2292798 46.6964155, 31.2294079 46.6964544, 31.2321849 46.697287, 31.2324448 46.6973002, 31.2333852 46.6973366, 31.2344221 46.6981048))",village
Виноградное|Виноградне,POINT(31.2264691 46.6977199),village
Волковское|Вовківське,POINT(30.8758035 46.8243512),village
Выгода|Вигода,"POLYGON((30.3989785 46.6088789, 30.4012827 46.6103593, 30.4066217 46.6077724, 30.4113309 46.6054394, 30.4115994 46.6051884, 30.4118987 46.6036216, 30.4164128 46.6038619, 30.4168233 46.6020213, 30.4190811 46.602192, 30.4192539 46.6021326, 30.4201721 46.6021698, 30.4205934 46.6027338, 30.4201289 46.6070087, 30.4157323 46.6079438, 30.4137878 46.60853, 30.4111196 46.6095096, 30.4120918 46.6114539, 30.4113032 46.6116394, 30.4118434 46.612797, 30.4141767 46.614244, 30.4143928 46.6143034, 30.4146844 46.6163217, 30.4149653 46.6178799, 30.4157431 46.619297, 30.4160348 46.6201651, 30.4165317 46.6201429, 30.417007 46.6202542, 30.4172554 46.6205435, 30.4176011 46.6211, 30.4177092 46.6218716, 30.4178712 46.6223687, 30.4181629 46.622799, 30.4181305 46.6231032, 30.4182601 46.6233109, 30.4178604 46.6245351, 30.4064202 46.62351, 30.4062674 46.6266366, 30.4051216 46.6275126, 30.4039835 46.6281683, 30.4033418 46.6282732, 30.403212 46.6279742, 30.4037161 46.6270929, 30.4034793 46.6268936, 30.4011037 46.6277801, 30.4007371 46.6283309, 30.4002406 46.6287348, 30.3995613 46.6301008, 30.3990357 46.6305226, 30.3995115 46.6286076, 30.3996222 46.6281174, 30.3993289 46.6276691, 30.3963466 46.6285088, 30.392716 46.6281925, 30.389034 46.6280781, 30.384433 46.6311571, 30.3819681 46.629631, 30.3781339 46.6276374, 30.3839009 46.6249129, 30.3801498 46.62077, 30.3828665 46.61959, 30.3858322 46.6182846, 30.3891386 46.6168336, 30.3797959 46.6158516, 30.3810685 46.6099908, 30.3820921 46.6053344, 30.3830649 46.6009211, 30.3869674 46.6043742, 30.3912444 46.6046137, 30.3918696 46.6046327, 30.3920577 46.6040283, 30.3934908 46.6048532, 30.3947081 46.6055602, 30.3955601 46.6062635, 30.3969268 46.6074266, 30.3981717 46.6083655, 30.3989785 46.6088789))",village
Выгода|Вигода,POINT(30.39809 46.614494),village
Выгон|Вигон,"POLYGON((30.2888346 46.1531401, 30.2881952 46.1531802, 30.2859807 46.1519541, 30.2855331 46.1515289, 30.2873394 46.1477976, 30.289258 46.1459769, 30.2913566 46.1445139, 30.2923797 46.1438505, 30.2976942 46.1402501, 30.3013909 46.1386639, 30.3031042 46.1393913, 30.3083604 46.1372609, 30.3126989 46.1357673, 30.3136507 46.1355231, 30.315671 46.1353241, 30.3160472 46.1365593, 30.3142384 46.1369667, 30.3089233 46.1386409, 30.2998209 46.1422895, 30.2958341 46.1452421, 30.2955723 46.1454115, 30.3001063 46.148862, 30.3017478 46.1505269, 30.3017135 46.151337, 30.3003338 46.152278, 30.2996493 46.1523374, 30.2931691 46.1474334, 30.2925253 46.1474928, 30.2907701 46.1487802, 30.2888346 46.1531401))",village
Выгон|Вигон,POINT(30.2942226 46.1456512),village
Грибовка|Грибівка,POINT(30.5645436 46.2085082),village
Григоровка|Григорівка,POINT(31.007011 46.599319),village
Дальник,POINT(30.531351 46.2250393),village
Дачное|Дачне,POINT(30.54817 46.577221),village
Дмитровка|Дмитрівка,POINT(31.03191 46.797981),village
Доброалександровка|Доброолександрівка,POINT(30.487749 46.337582),village
Доброжаново|Доброжанове,"POLYGON((30.3327325 46.5422227, 30.329926 46.5418022, 30.3305542 46.5403599, 30.331723 46.5369217, 30.3317577 46.5368389, 30.3314528 46.5364509, 30.3328142 46.5336276, 30.3354192 46.5337793, 30.3360414 46.5333881, 30.3364169 46.5331002, 30.3367272 46.5328747, 30.3375166 46.5329761, 30.3384291 46.5331034, 30.3364946 46.5377505, 30.3360713 46.5377102, 30.33597 46.538986, 30.3357145 46.5397212, 30.335744 46.5398177, 30.3358851 46.5398704, 30.3365095 46.5399168, 30.3365863 46.5400015, 30.336399 46.5403621, 30.3359444 46.5405015, 30.3351828 46.5411152, 30.3346104 46.5419009, 30.3344758 46.5420324, 30.3342167 46.5421731, 30.3339811 46.5422406, 30.3336951 46.5422613, 30.3327325 46.5422227))",village
Доброжаново|Доброжанове,POINT(30.334629 46.538429),village
Дослидное|Дослідне,"POLYGON((30.3932061 46.5989803, 30.3938599 46.5962308, 30.3945879 46.5933661, 30.392262 46.5930912, 30.3925587 46.5915003, 30.3935151 46.5915309, 30.3935929 46.5910723, 30.3934484 46.5906749, 30.3929702 46.5899642, 30.3924002 46.5866355, 30.3933745 46.5857224, 30.3975375 46.5858441, 30.4002794 46.5840795, 30.4019073 46.5842145, 30.4023918 46.5840452, 30.404867 46.5843404, 30.4012804 46.5895083, 30.4007879 46.5914569, 30.4003742 46.5934902, 30.4000632 46.5938291, 30.3992312 46.5961782, 30.398848 46.5977556, 30.398878 46.5991557, 30.3982167 46.5995854, 30.3932061 46.5989803))",village
Дослидное|Дослідне,POINT(30.396512 46.5928904),village
Егоровка|Єгорівка,POINT(30.4043327 46.7218592),village
Елизаветовка|Єлизаветівка,POINT(30.500677 46.695496),village
Еремеевка|Єреміївка,POINT(30.369558 46.79195),village
Жёлтое|Жовте,POINT(30.4729206 46.8515626),village
Заря Труда|Зоря Труда,POINT(30.9684348 46.7612532),village
Змиенково|Змієнкове,POINT(30.9600949 46.6070725),village
Зориново|Зоринове,POINT(30.9583749 46.8571091),village
Зоряное|Зоряне,POINT(30.436434 46.640873),village
Иваново|Іванове,POINT(30.885206 46.674969),village
Ильинка|Іллінка,POINT(30.6366015 46.6774516),village
Ильичанка|Ілічанка,POINT(30.792055 46.599262),village
Йосиповка|Йосипівка,POINT(30.4342146 46.406543),village
Кагарлык|Кагарлик,POINT(30.1982853 46.60189),village
Калаглия|Калаглія,POINT(30.360111 46.285133),village
Калантаевка|Калантаївка,POINT(30.2763389 46.7212464),village
Каменка|Кам’янка,POINT(30.24193 46.63147),village
Каролино-Бугаз|Кароліно-Бугаз,POINT(30.5255473 46.1458339),village
Карповка|Карпівка,POINT(30.2523547 46.7873885),village
Карпово|Карпове,POINT(30.361059 46.761589),village
Коблево|Коблеве,POINT(31.2085145 46.6612599),village
Ковалёвка|Ковалівка,POINT(30.60619 46.708031),village
Конное|Кінне,POINT(30.9043642 46.7624987),village
Кордон,POINT(31.0959879 46.8291026),village
Корсунцы|Корсунці,POINT(30.768673 46.590561),village
Кошари,"POLYGON((31.1534921 46.6623497, 31.1545736 46.6611143, 31.1549354 46.6607237, 31.1550794 46.6604658, 31.1551883 46.6601162, 31.1552164 46.6597932, 31.1551708 46.6595352, 31.1548687 46.6587758, 31.1543593 46.6572545, 31.154261 46.6570689, 31.1540854 46.6568543, 31.1533372 46.6561985, 31.1535479 46.6559092, 31.1539554 46.6559454, 31.1575102 46.655902, 31.1574505 46.6565361, 31.15816 46.6566831, 31.1581038 46.6571822, 31.1579633 46.6586987, 31.1575315 46.658888, 31.1571423 46.6591178, 31.1572515 46.6598245, 31.1572817 46.6598261, 31.1581113 46.6598722, 31.1583129 46.6604687, 31.1587764 46.6603812, 31.1588112 46.6605625, 31.1586119 46.6615677, 31.1582423 46.661609, 31.1584149 46.6621737, 31.1584033 46.6622294, 31.1583153 46.6628131, 31.1582921 46.6628958, 31.1582365 46.6629769, 31.1581577 46.6630564, 31.1580487 46.6631487, 31.1579236 46.6632012, 31.1584689 46.6650195, 31.1590785 46.6671781, 31.1592253 46.6678685, 31.1592276 46.6685128, 31.1591998 46.669432, 31.1591465 46.6696228, 31.1587803 46.6702462, 31.1585602 46.6705499, 31.1585555 46.6706501, 31.1585323 46.6707455, 31.1584837 46.6708107, 31.1584095 46.6708648, 31.1582821 46.6709093, 31.1581059 46.6709475, 31.155712 46.6708886, 31.1556146 46.6709045, 31.1527757 46.6705515, 31.15269 46.670534, 31.1526205 46.6704752, 31.1525672 46.6703559, 31.152398 46.6694097, 31.1524073 46.669195, 31.1518441 46.6671117, 31.151807 46.6668477, 31.1516703 46.6665042, 31.1515034 46.6662481, 31.1517328 46.6654068, 31.1520839 46.6643019, 31.1521646 46.6640942, 31.1524188 46.6636872, 31.1527287 46.6632574, 31.1534921 46.6623497))",village
Кошары|Кошари,POINT(31.15498 46.665642),village
Кремидовка|Кремидівка,POINT(30.7878987 46.738294),village
Кремидівка,"POLYGON((30.8059105 46.7364257, 30.8043198 46.7415652, 30.8032866 46.7415326, 30.7982062 46.7407766, 30.7949117 46.7403707, 30.7946326 46.7401876, 30.7947692 46.7396301, 30.7944485 46.7394998, 30.7926612 46.739394, 30.7900366 46.7388243, 30.7896404 46.7388514, 30.7890442 46.7424367, 30.7878066 46.7423734, 30.787682 46.7436959, 30.7876285 46.7438017, 30.787479 46.7440851, 30.7873128 46.7442479, 30.7830378 46.7438588, 30.7835584 46.7408664, 30.7826851 46.7407513, 30.7790405 46.7403024, 30.7772434 46.7399801, 30.7764541 46.7396463, 30.7763631 46.7393145, 30.7765772 46.7380348, 30.7781402 46.7286914, 30.7784426 46.7286569, 30.7798366 46.7287375, 30.7807603 46.7290598, 30.7808877 46.7302372, 30.780703 46.7317395, 30.7809297 46.7320733, 30.7816687 46.7321424, 30.7830291 46.7322748, 30.7848913 46.7323542, 30.7846156 46.7338152, 30.7862835 46.7339391, 30.7863812 46.733356, 30.7864973 46.7323035, 30.7867718 46.7316524, 30.7870462 46.7313524, 30.7872893 46.7312484, 30.7875028 46.7312164, 30.7893934 46.731537, 30.7909831 46.7320217, 30.8064143 46.7340474, 30.8065331 46.7341695, 30.8059105 46.7364257))",village
Крыжановка|Крижанівка,POINT(30.791969 46.562096),village
Кубанка,POINT(30.72842 46.70734),village
Кузьменко|Кузьменка,POINT(30.25601 46.73378),village
Курган,POINT(30.4503535 46.523233),village
Лески|Ліски,POINT(30.81596 46.563831),village
Либенталь|Лібенталь,"POLYGON((30.4606255 46.432013, 30.4606444 46.4310432, 30.4598171 46.4296247, 30.4642397 46.4200505, 30.4696658 46.4211991, 30.4692795 46.4240079, 30.4728417 46.4241847, 30.4727976 46.4258896, 30.476441 46.4263478, 30.4758364 46.4294548, 30.4748367 46.4333467, 30.4661719 46.4328277, 30.4614675 46.4321367, 30.4606255 46.432013))",village
Либенталь|Лібенталь,POINT(30.46612 46.428558),village
Лизинка|Лізинка,POINT(30.6454194 46.8948056),village
Луговое|Лугове,POINT(31.2873321 46.6408904),village
Любополь|Любопіль,POINT(31.096901 46.723785),village
Майоры|Майори,POINT(30.2776622 46.5406753),village
Мале,"POLYGON((30.4941428 46.7433598, 30.4942275 46.7431438, 30.4951286 46.741655, 30.4954072 46.7412621, 30.4955254 46.7404636, 30.495763 46.7395965, 30.4988826 46.7404926, 30.4988172 46.7406782, 30.500872 46.7411711, 30.5013483 46.7410943, 30.501778 46.7411775, 30.5036646 46.7422208, 30.5034405 46.7426624, 30.5022917 46.7435713, 30.500872 46.7440321, 30.500022 46.7448449, 30.4989918 46.7445955, 30.4987814 46.7448524, 30.497723 46.7446486, 30.4979266 46.7443977, 30.4955265 46.7436826, 30.4951127 46.7436698, 30.4950362 46.7438115, 30.4946242 46.7437087, 30.4946976 46.7435733, 30.4941428 46.7433598))",village
Малодолинское|Малодолинське,POINT(30.6239976 46.3539467),village
Малое|Мале,POINT(30.4981283 46.7422317),village
Мандрове,POINT(30.322977 46.5812695),village
Мариновка|Маринівка,POINT(30.526199 46.759178),village
Марьяновка|Мар’янівка,POINT(31.1152032 46.8322542),village
Марьяновка|Мар’янівка,POINT(30.465425 46.388741),village
Мещанка|Міщанка,POINT(30.95022 46.696995),village
Миллиардовка|Мільярдівка,POINT(30.2050865 46.7544175),village
Мирне,"POLYGON((30.3548455 46.4768488, 30.3528918 46.4753962, 30.3498471 46.4745412, 30.3564887 46.4704306, 30.3614181 46.4668542, 30.3652164 46.4632397, 30.370483 46.4624855, 30.3757984 46.4625047, 30.380365 46.4628234, 30.3851706 46.4630717, 30.3920013 46.4631249, 30.3919444 46.4684846, 30.3919404 46.4688647, 30.3916931 46.4699413, 30.3912351 46.4719349, 30.3903481 46.4745383, 30.3899712 46.4745665, 30.3890208 46.4746377, 30.3889286 46.4746446, 30.3879096 46.4746662, 30.3878468 46.4746675, 30.3875514 46.4746738, 30.385518 46.4711375, 30.3817319 46.4713479, 30.3803681 46.471253, 30.3800398 46.4711708, 30.3798081 46.4713151, 30.3804994 46.4699743, 30.3799717 46.4698401, 30.3775076 46.4738802, 30.3768105 46.4748024, 30.3763844 46.4753907, 30.3754372 46.4753969, 30.3742295 46.4754524, 30.371747 46.4756625, 30.3625078 46.4759906, 30.3621273 46.4760332, 30.3619087 46.4760097, 30.3612113 46.4760688, 30.3600097 46.4762683, 30.3588939 46.4761353, 30.3568768 46.4762314, 30.3562546 46.4763717, 30.3557892 46.4767462, 30.3548455 46.4768488))",village
Мирное|Мирне,POINT(30.378593 46.467545),village
Михайловка|Михайлівка,POINT(30.267679 46.676102),village
Молдаванка|Молдованка,POINT(30.3370515 46.6489941),village
Молога,POINT(30.2246055 46.2206215),village
Молодёжное|Молодіжне,POINT(30.6094472 46.3314744),village
Морское|Морське,"POLYGON((31.2647086 46.6140736, 31.2650735 46.6136198, 31.2652021 46.613204, 31.2652793 46.6127833, 31.265578 46.6118984, 31.268619 46.6122558, 31.2713347 46.6123005, 31.2724453 46.6126684, 31.272262 46.6130559, 31.2714237 46.6134788, 31.2701766 46.6146602, 31.2684853 46.6164482, 31.2679689 46.6172424, 31.2672254 46.6182414, 31.2687595 46.6188362, 31.269813 46.6182198, 31.2702567 46.6194834, 31.2705286 46.6204995, 31.2697937 46.6208588, 31.2655483 46.622449, 31.265014 46.6226742, 31.264395 46.6232042, 31.2610913 46.6254029, 31.2609752 46.6256338, 31.2608557 46.6257093, 31.2606873 46.6257494, 31.260435 46.6257526, 31.2590493 46.6252382, 31.2580125 46.6245058, 31.2569247 46.6236099, 31.2566861 46.6235172, 31.2553948 46.6234206, 31.255215 46.623396, 31.2548038 46.6231228, 31.2547393 46.6229882, 31.2547423 46.6228735, 31.2547902 46.6227611, 31.2549264 46.6225492, 31.2556112 46.6216204, 31.2561553 46.6212555, 31.2565853 46.6211316, 31.2568792 46.6209675, 31.2579709 46.6200575, 31.2593888 46.6185068, 31.2612781 46.6170804, 31.2618543 46.6168323, 31.2624985 46.6163287, 31.2647086 46.6140736))",village
Морское|Морське,POINT(31.266058 46.616802),village
Набережное|Набережне,POINT(30.697519 46.572762),village
Надлиманское|Надлиманське,POINT(30.332687 46.3745),village
Нерубайское|Нерубайське,POINT(30.629803 46.544624),village
Нижний Куяльник|Нижній Куяльник,POINT(30.5319182 46.8857733),village
Николаевка|Миколаївка,POINT(30.2883416 46.6395636),village
Николаевка|Миколаївка,POINT(30.3343362 46.3068537),village
Новая Долина|Нова Долина,"POLYGON((30.5784187 46.4014062, 30.5782388 46.4012861, 30.5780598 46.4010085, 30.5778621 46.4007287, 30.5772712 46.3999979, 30.5745609 46.396879, 30.5780271 46.3954255, 30.5783106 46.3953338, 30.5806018 46.3943707, 30.5863433 46.3919486, 30.5913068 46.3898968, 30.5916213 46.3900843, 30.5916335 46.3919516, 30.591609 46.3933921, 30.5914988 46.3944482, 30.5911803 46.3964421, 30.5910639 46.397532, 30.5911619 46.3980853, 30.5919092 46.4002015, 30.5915172 46.400607, 30.5912783 46.4007126, 30.5889202 46.4024528, 30.5883444 46.4027527, 30.5872725 46.4035383, 30.5865253 46.4042099, 30.5843999 46.4035679, 30.5838446 46.4041479, 30.5832257 46.4040948, 30.5829369 46.4040183, 30.5824915 46.4044542, 30.5822803 46.4045559, 30.5815907 46.4047632, 30.5805061 46.4049182, 30.5802841 46.404916, 30.5753158 46.4029397, 30.5751707 46.4028285, 30.5784187 46.4014062))",village
Новая Долина|Нова Долина,POINT(30.588842 46.398918),village
Новая Дофиновка|Нова Дофінівка,"POLYGON((30.9141968 46.5744122, 30.9158921 46.5746748, 30.9167826 46.5742913, 30.9172654 46.5747264, 30.9173942 46.5751616, 30.9179842 46.5757147, 30.9206128 46.5763342, 30.9235078 46.5773027, 30.9241318 46.5781263, 30.9267497 46.5788637, 30.924561 46.5828311, 30.9229683 46.5823417, 30.9214781 46.5873032, 30.9172764 46.5865006, 30.9152892 46.5863337, 30.9145082 46.5887339, 30.9084365 46.5878388, 30.9079099 46.5892166, 30.9075368 46.5891777, 30.907073 46.5905437, 30.9066546 46.5919482, 30.9033394 46.5914063, 30.8996026 46.5913586, 30.8988526 46.5910613, 30.8996617 46.5893776, 30.8995071 46.5887844, 30.9000349 46.5867834, 30.9007916 46.5845964, 30.9005301 46.5832886, 30.9004399 46.5827923, 30.9010917 46.5815383, 30.901324 46.581116, 30.9017949 46.5801857, 30.9021532 46.5795029, 30.9023768 46.5790567, 30.903621 46.578011, 30.9040122 46.5776528, 30.9043732 46.5767729, 30.9042811 46.5756063, 30.9039942 46.5747432, 30.9044224 46.574244, 30.9045407 46.5741221, 30.9045993 46.5740345, 30.9029156 46.5734505, 30.8997694 46.5725987, 30.8999866 46.5721746, 30.9029692 46.5727425, 30.9038973 46.5728679, 30.9049211 46.573116, 30.9061224 46.573206, 30.9088831 46.5733831, 30.9095466 46.5733967, 30.9115255 46.5738857, 30.9119224 46.5738783, 30.9128773 46.5742176, 30.9141968 46.5744122))",village
Новая Дофиновка|Нова Дофінівка,POINT(30.9121963 46.582493),village
Новая Ковалёвка|Нова Ковалівка,POINT(30.60585 46.700821),village
Новая Ольшанка|Нова Вільшанка,POINT(30.9455283 46.7135523),village
Новая Эметовка|Нова Еметівка,POINT(30.538498 46.7250833),village
Новоградковка|Новоградківка,POINT(30.479158 46.358532),village
Новодмитровка|Новодмитрівка,POINT(30.300289 46.789742),village
Новое|Нове,POINT(30.127819 46.643421),village
Новое Селище|Нове Селище,POINT(30.9279935 46.884151),village
Новоукраинка|Новоукраїнка,POINT(30.2860747 46.8169055),village
Новые Беляры|Нові Білярі,POINT(31.001863 46.635403),village
Новые Шомполы|Нові Шомполи,POINT(30.732189 46.853939),village
Олександрівка,"POLYGON((30.860028 46.5997305, 30.8641763 46.6003641, 30.8644708 46.5995729, 30.8669155 46.5991949, 30.8694338 46.5999518, 30.8721939 46.6012542, 30.8719277 46.6015513, 30.8770169 46.6047922, 30.8766586 46.6051648, 30.8780989 46.605742, 30.8787668 46.6061778, 30.8792087 46.6060331, 30.880568 46.6063461, 30.8813425 46.6082429, 30.8812475 46.6089989, 30.8783102 46.6103097, 30.8768219 46.6112657, 30.8751585 46.613147, 30.8736935 46.6125304, 30.8730834 46.6124382, 30.8732666 46.6119, 30.8735839 46.6119608, 30.8735924 46.6117028, 30.8733935 46.6092285, 30.8720248 46.6092063, 30.8703413 46.6093101, 30.8697391 46.6094444, 30.864926 46.6111427, 30.8633786 46.6091024, 30.8646102 46.6059002, 30.8650854 46.6058356, 30.8654481 46.6052865, 30.8657492 46.604551, 30.8626282 46.6041084, 30.8624086 46.6046998, 30.8622615 46.6049179, 30.8620052 46.6054905, 30.8615182 46.6057382, 30.8577059 46.6050981, 30.8580358 46.604429, 30.8526574 46.6033678, 30.8544169 46.5992716, 30.8598417 46.6002648, 30.860028 46.5997305))",village
Олександрівка,"POLYGON((30.3726922 46.7510819, 30.3734089 46.750809, 30.3737973 46.750942, 30.3741557 46.7512072, 30.3753104 46.7524973, 30.3754761 46.7541514, 30.3740263 46.7542428, 30.3738606 46.7533587, 30.3735007 46.7522004, 30.373322 46.7518416, 30.3730872 46.7514986, 30.3726922 46.7510819))",village
Ониськово|Ониськове,POINT(30.8240602 46.9234385),village
Отрадово|Одрадове,POINT(30.443119 46.686401),village
Павлинка,POINT(30.6746064 46.813909),village
Паланка|Palanca,POINT(30.0978861 46.409119),village
Палиевка|Паліївка,POINT(30.47196 46.646568),village
Переможное|Переможне,POINT(30.7966927 46.7048806),village
Петрово|Петрове,"POLYGON((30.3667831 46.5910553, 30.3656384 46.5909525, 30.3642605 46.5907324, 30.3615306 46.5904755, 30.3615772 46.5871271, 30.3624625 46.5826561, 30.3631239 46.5802375, 30.3551111 46.579321, 30.3561333 46.5736014, 30.3508849 46.5719807, 30.35216 46.5701929, 30.3575442 46.5719214, 30.3590771 46.5704218, 30.3620051 46.5709089, 30.3635679 46.5707401, 30.3650094 46.5709593, 30.3639729 46.574636, 30.3640164 46.5751302, 30.364951 46.5766007, 30.3697541 46.5804444, 30.3698342 46.5805085, 30.3750863 46.5811004, 30.3798795 46.5813574, 30.3803978 46.5812851, 30.3812712 46.589019, 30.3810312 46.5922573, 30.3717161 46.5912943, 30.3716555 46.5915917, 30.3703252 46.5914738, 30.3685732 46.5912207, 30.3667831 46.5910553))",village
Петрово|Петрове,POINT(30.3696909 46.5862606),village
Петродолинское|Петродолинське,POINT(30.40535 46.431999),village
Повстанское|Повстанське,POINT(30.259886 46.524837),village
Порт,POINT(31.004789 46.72451),village
Прилиманское|Прилиманське,POINT(30.610994 46.431309),village
Причерноморское|Причорноморське,POINT(30.9130034 46.7517355),village
Промінь,"POLYGON((30.3380028 46.5673275, 30.3383782 46.5673163, 30.3390588 46.5673869, 30.3400338 46.5677118, 30.3401769 46.5678047, 30.3402796 46.5679458, 30.3408588 46.5681688, 30.341226 46.5682313, 30.3412073 46.5697468, 30.3412734 46.5703836, 30.3417083 46.5704635, 30.3417163 46.5710799, 30.3418082 46.5733189, 30.3417839 46.5734897, 30.3416299 46.5739149, 30.3412248 46.573746, 30.3410547 46.5741581, 30.3400797 46.5759793, 30.3396854 46.5769633, 30.3395801 46.5773234, 30.3394423 46.5779175, 30.3392533 46.5792411, 30.3388104 46.5807243, 30.3381676 46.5805665, 30.3372115 46.5802045, 30.3375005 46.5799149, 30.3372277 46.5796717, 30.3364283 46.5793599, 30.3366282 46.5787881, 30.3373655 46.5772306, 30.3375869 46.5767219, 30.3372223 46.5766737, 30.3379515 46.5736977, 30.3382608 46.5725995, 30.3381973 46.572477, 30.338046 46.5724064, 30.3369441 46.5722644, 30.3369198 46.5721864, 30.337306 46.5719599, 30.3375165 46.5715825, 30.3380298 46.5690283, 30.3380028 46.5673275))",village
Протопоповка|Протопопівка,POINT(30.66181 46.605381),village
Протопопівка,"POLYGON((30.6488898 46.5999921, 30.6516052 46.5980792, 30.6543654 46.5964782, 30.6579142 46.5936209, 30.6599953 46.5942825, 30.6610894 46.5954644, 30.6616818 46.5975165, 30.6619334 46.6026472, 30.6626818 46.6027219, 30.6630054 46.5999409, 30.6637038 46.5980625, 30.6646758 46.5979327, 30.6645993 46.59642, 30.6645068 46.5947706, 30.6654556 46.5929462, 30.6663951 46.591426, 30.6667067 46.5912634, 30.6671469 46.5909608, 30.6672695 46.5908201, 30.6677748 46.5904909, 30.6678897 46.5904717, 30.6680748 46.5904681, 30.6681155 46.5905012, 30.6679062 46.5940755, 30.6679583 46.5974297, 30.6684725 46.5980485, 30.6687412 46.5989555, 30.668751 46.5992752, 30.6683905 46.6011525, 30.668313 46.6023789, 30.6676283 46.6054395, 30.666782 46.605628, 30.6651933 46.6054401, 30.6610568 46.6057293, 30.6596085 46.6077097, 30.6581967 46.6104604, 30.6598243 46.6106108, 30.6599261 46.6112761, 30.6595833 46.6128759, 30.6579211 46.6165196, 30.6572289 46.6172337, 30.6538776 46.6166165, 30.6560547 46.6112185, 30.6562113 46.6112155, 30.6573673 46.6114078, 30.6575986 46.6107674, 30.6564005 46.6105038, 30.6566445 46.6101621, 30.6570257 46.6098356, 30.6571727 46.6097251, 30.6567444 46.6093677, 30.6557911 46.6089121, 30.6514328 46.6069531, 30.6437398 46.6032609, 30.6455471 46.6017762, 30.6488898 46.5999921))",village
Пшеняново|Пшонянове,POINT(31.127766 46.7944367),village
Радостное|Радісне,POINT(30.57255 46.49345),village
Ранжево|Ранжеве,POINT(31.0799981 46.7449336),village
Расселенец|Розселенець,POINT(30.4404442 46.4620963),village
Роксоланы|Роксолани,POINT(30.4585 46.174801),village
Русская Слободка|Руська Слобідка,POINT(30.59486 46.85429),village
Садовое|Садове,POINT(30.2059538 46.2360321),village
Салганы|Салгани,POINT(30.338705 46.154736),village
Санжейка|Санжійка,POINT(30.60722 46.235271),village
Светлогорское|Світлогірське,POINT(30.3659061 46.732852),village
Светлое|Світле,POINT(30.827225 46.637043),village
Свитанок|Світанок,POINT(30.3314184 46.7537588),village
Світле,"POLYGON((30.8258108 46.6404883, 30.8243855 46.6390734, 30.8226341 46.6387915, 30.8225877 46.6386772, 30.8225571 46.6385937, 30.8225622 46.638505, 30.8229089 46.6375712, 30.8225814 46.6375221, 30.8227827 46.6368128, 30.8230324 46.6359106, 30.8239087 46.6340197, 30.8248471 46.6341393, 30.8256879 46.634249, 30.8269835 46.6344769, 30.8284682 46.6346998, 30.8288878 46.6337725, 30.8305772 46.6340891, 30.8337528 46.6345614, 30.8353057 46.6348465, 30.8367566 46.6351722, 30.8368641 46.6352234, 30.8369102 46.635277, 30.8369351 46.6353688, 30.8374358 46.6354577, 30.8374802 46.6355004, 30.8374868 46.6355607, 30.8373173 46.6360323, 30.8372835 46.6360574, 30.8372281 46.6360635, 30.8369514 46.6360076, 30.8365198 46.6359654, 30.8364873 46.6360654, 30.8364683 46.636224, 30.8364707 46.636336, 30.8364938 46.6365921, 30.8372657 46.6365591, 30.8374942 46.6373051, 30.836449 46.6374362, 30.8364056 46.6376134, 30.8359711 46.6377509, 30.8356663 46.6378064, 30.8341791 46.6378982, 30.8337763 46.6378456, 30.8338605 46.6376228, 30.8320073 46.637307, 30.8318791 46.6375692, 30.8285691 46.6369565, 30.828369 46.6375211, 30.8283197 46.6376172, 30.8280395 46.6378995, 30.8278734 46.6380808, 30.8276691 46.638468, 30.8276238 46.6385247, 30.8275519 46.6386176, 30.8272513 46.638855, 30.8271705 46.6388914, 30.8269296 46.6389567, 30.8271166 46.6397615, 30.8258108 46.6404883))",village
Севериновка|Северинівка,POINT(30.57976 46.8251),village
Секретарёвка|Секретарівка,POINT(30.2845 46.659962),village
Сичавка,"POLYGON((31.1040938 46.6530666, 31.1027513 46.6528878, 31.1020696 46.6527503, 31.1012458 46.6526818, 31.1009967 46.6526472, 31.1005676 46.6526104, 31.099602 46.6524852, 31.0980356 46.6523305, 31.0960293 46.6520507, 31.0947553 46.6518087, 31.094368 46.6518582, 31.0941352 46.6521123, 31.0938728 46.6520617, 31.0932666 46.6522053, 31.0921133 46.6524447, 31.0912013 46.6525551, 31.0903963 46.6525911, 31.0901899 46.6525607, 31.0896778 46.6524852, 31.0895061 46.6524594, 31.0890984 46.6525146, 31.0886623 46.6524996, 31.0878987 46.6523458, 31.086816 46.6521201, 31.0862785 46.6520746, 31.0852836 46.6521838, 31.0851824 46.6520212, 31.085092 46.6513827, 31.085103 46.6509524, 31.0854356 46.6502161, 31.0858904 46.6486427, 31.086099 46.6464651, 31.0875106 46.6442735, 31.0887973 46.6422639, 31.0900509 46.641149, 31.0904093 46.6407741, 31.0955314 46.6375176, 31.0971672 46.6368444, 31.098897 46.6364098, 31.1010429 46.6363217, 31.1038037 46.6368645, 31.1069045 46.6376371, 31.1074311 46.6360126, 31.108411 46.6351125, 31.109863 46.6339875, 31.1102756 46.6330207, 31.1127218 46.6309291, 31.1128298 46.6303665, 31.1127864 46.6300832, 31.1127073 46.62965, 31.1128175 46.6292883, 31.1132473 46.6278131, 31.1134067 46.6274749, 31.1135574 46.6269772, 31.1135956 46.6262552, 31.1145146 46.626249, 31.1181329 46.626776, 31.1183036 46.6268061, 31.1176901 46.6305629, 31.1167256 46.6346377, 31.1161503 46.6371352, 31.1160153 46.6376968, 31.1157455 46.6389819, 31.1151914 46.6397654, 31.1148854 46.6404765, 31.1146772 46.640968, 31.1162659 46.6418695, 31.1145025 46.6443127, 31.1143189 46.6449029, 31.1136901 46.6475825, 31.1131242 46.6510518, 31.1104435 46.6520933, 31.1086731 46.6516662, 31.1083055 46.6533086, 31.1081865 46.6535144, 31.1077742 46.6536302, 31.106345 46.6534757, 31.1061681 46.6539286, 31.1048055 46.6531038, 31.1040938 46.6530666))",village
Солнечное|Сонячне,POINT(30.3676436 46.6494938),village
Ставки,POINT(30.81493 46.878319),village
Старая Эметовка|Стара Еметівка,POINT(30.59864 46.73447),village
Старые Шомполы|Старі Шомполи,POINT(30.7760577 46.8438788),village
Степовое|Степове,POINT(30.7583965 46.7842278),village
Сухий Лиман,"POLYGON((30.6403561 46.402091, 30.6396889 46.4020628, 30.6395263 46.4012756, 30.6373375 46.4012487, 30.6369949 46.3995594, 30.6343741 46.3998325, 30.6353676 46.3983686, 30.6337474 46.398225, 30.6330128 46.3983918, 30.6316922 46.3980684, 30.6323951 46.3968712, 30.6281934 46.3955551, 30.6247448 46.3947818, 30.6248467 46.3922158, 30.6285954 46.3929618, 30.6298808 46.393286, 30.634009 46.3944498, 30.6351245 46.3956582, 30.6355151 46.3964447, 30.6355794 46.3971463, 30.6358308 46.3971106, 30.6361437 46.3961523, 30.6360071 46.3956835, 30.6358998 46.3943062, 30.6363096 46.3934135, 30.6376886 46.3922246, 30.6403346 46.3902177, 30.6407134 46.3883474, 30.640641 46.387816, 30.6383918 46.385463, 30.6385285 46.3847817, 30.640228 46.3854567, 30.6425283 46.3851251, 30.6442116 46.3820564, 30.6448005 46.3812673, 30.6454687 46.381236, 30.645582 46.3804391, 30.6451403 46.3798063, 30.6448798 46.3784233, 30.6449138 46.377095, 30.6441037 46.3762218, 30.645358 46.375163, 30.6461536 46.3758408, 30.646482 46.376546, 30.6483535 46.3775071, 30.6506211 46.3785666, 30.6498664 46.379247, 30.6474354 46.3889166, 30.6513493 46.3895441, 30.6499417 46.3965177, 30.6514695 46.3966479, 30.6509545 46.4000218, 30.6491408 46.3998337, 30.6484507 46.4021861, 30.6482732 46.4035867, 30.6446154 46.4033556, 30.6429196 46.4022881, 30.6403561 46.402091))",village
Сухой Лиман|Сухий Лиман,POINT(30.636372 46.396969),village
Сухолужье|Сухолужжя,POINT(30.2667565 46.2237324),village
Сычавка|Сичавка,POINT(31.1056274 46.6385077),village
Таирово|Таїрове,POINT(30.651262 46.367195),village
Трояндовое|Трояндове,POINT(30.863319 46.89761),village
Украинка|Українка,"POLYGON((31.1832593 46.7325569, 31.1839571 46.7307428, 31.1849026 46.7276196, 31.1850688 46.727154, 31.1855885 46.7268053, 31.1876628 46.72629, 31.1888596 46.7261203, 31.1899744 46.725742, 31.1929135 46.7257041, 31.193102 46.7252377, 31.1947933 46.7255514, 31.1949352 46.7250707, 31.195147 46.7246284, 31.1962186 46.7248221, 31.1969677 46.725683, 31.1965224 46.7278589, 31.1958331 46.7300795, 31.1954196 46.7300313, 31.1946936 46.7322096, 31.1945493 46.7322477, 31.1929977 46.7320035, 31.1926271 46.7318812, 31.1909204 46.731615, 31.1901199 46.7344555, 31.1905661 46.7345267, 31.190086 46.7359557, 31.1878228 46.7356733, 31.1860564 46.7410954, 31.1846567 46.7408788, 31.1845042 46.7408897, 31.1843795 46.7409436, 31.1843002 46.7410445, 31.1842724 46.7412235, 31.1841628 46.7416508, 31.1839787 46.7419552, 31.1817357 46.7416704, 31.1815388 46.742462, 31.1789192 46.742165, 31.178825 46.7424094, 31.1786179 46.7423576, 31.1777905 46.7450522, 31.1792935 46.745201, 31.1791189 46.7457943, 31.177467 46.7456072, 31.1762842 46.7487638, 31.1724626 46.7477387, 31.1723856 46.7446783, 31.1738076 46.7446255, 31.1742696 46.7440726, 31.175575 46.7439166, 31.1754664 46.7435383, 31.1754761 46.7433153, 31.1756576 46.742973, 31.1759366 46.7427518, 31.1780838 46.7414762, 31.1789125 46.7411053, 31.1793151 46.7404538, 31.1808537 46.7388125, 31.181742 46.7370577, 31.1819595 46.7359706, 31.1830439 46.7332193, 31.1819921 46.7330727, 31.1821222 46.7324151, 31.1832593 46.7325569))",village
Украинка|Українка,POINT(31.1881432 46.7320897),village
Ульяновка|Улянівка,POINT(30.76103 46.92432),village
Ульяновка|Улянівка,POINT(30.8627653 46.8459277),village
Усатово|Усатове,POINT(30.654261 46.537399),village
Усатово|Усатове,POINT(30.602915 46.52256),village
Фонтанка,POINT(30.858065 46.570198),village
Хлебодарское|Хлібодарське,"POLYGON((30.5809835 46.4810583, 30.5947276 46.4824194, 30.6048422 46.4835235, 30.6058072 46.486214, 30.597177 46.4877748, 30.5968295 46.4870021, 30.5938589 46.4875314, 30.5932988 46.4862422, 30.5930301 46.4860729, 30.5911608 46.486152, 30.5907006 46.4860893, 30.5865328 46.4867948, 30.5863881 46.4864136, 30.5837184 46.4850621, 30.5824126 46.4845604, 30.5804325 46.4838744, 30.5802743 46.4830253, 30.5809835 46.4810583))",village
Хлебодарское|Хлібодарське,POINT(30.591114 46.4828),village
Холодна Балка,"POLYGON((30.5726395 46.6025003, 30.5758259 46.5993084, 30.5773672 46.5995578, 30.5775177 46.5991612, 30.5781316 46.5992198, 30.5787495 46.5978371, 30.5802375 46.5955688, 30.5816157 46.5941384, 30.5823695 46.5943326, 30.5830955 46.5930629, 30.5833719 46.5919035, 30.5841932 46.5915934, 30.5877952 46.593373, 30.5931821 46.5928138, 30.5945316 46.5920982, 30.5958195 46.5931738, 30.5962817 46.5923438, 30.5969648 46.5912351, 30.5975574 46.5908752, 30.5982351 46.5905992, 30.5984631 46.5905399, 30.5987095 46.5905907, 30.5990256 46.5909648, 30.5976305 46.5933373, 30.5972695 46.5939453, 30.5970217 46.5949278, 30.5956768 46.5970776, 30.5948133 46.5986486, 30.5940134 46.5992857, 30.5944323 46.5997714, 30.5927057 46.6013709, 30.5934471 46.6022184, 30.5923641 46.6052773, 30.5919324 46.6069598, 30.5934401 46.6070522, 30.5933197 46.6089584, 30.5923995 46.6102324, 30.5915855 46.610636, 30.5910546 46.6113265, 30.5909555 46.6118176, 30.5911113 46.6122893, 30.5902548 46.6124643, 30.5899433 46.6124449, 30.5881242 46.6113994, 30.5873314 46.6108257, 30.584874 46.6116268, 30.5832239 46.6116796, 30.582497 46.6114269, 30.5802601 46.6105971, 30.5800053 46.6107381, 30.5797292 46.6107673, 30.5795098 46.6107284, 30.5752415 46.6089633, 30.5751141 46.6088515, 30.5778747 46.6044116, 30.5726395 46.6025003))",village
Холодная Балка|Холодна Балка,POINT(30.5817602 46.6006398),village
Хоминка,"POLYGON((30.4481205 46.7105318, 30.4464377 46.7117985, 30.4443939 46.712707, 30.4404456 46.7141856, 30.4374094 46.7152853, 30.4358752 46.7157708, 30.4358376 46.7158517, 30.4370875 46.7169588, 30.4309667 46.7167638, 30.4309506 46.716613, 30.4330481 46.7151272, 30.4335792 46.7149028, 30.4353763 46.71441, 30.4346469 46.7140662, 30.4358269 46.7130343, 30.4355953 46.7126646, 30.4367208 46.7123412, 30.437057 46.7127191, 30.4377715 46.7125173, 30.4396468 46.7122399, 30.4426268 46.7114051, 30.4428781 46.7116574, 30.4462793 46.7098714, 30.4456493 46.7094442, 30.4471592 46.7083705, 30.4479911 46.707855, 30.4486197 46.7082332, 30.4481945 46.7085923, 30.447378 46.7091754, 30.4465276 46.7095959, 30.4481205 46.7105318))",village
Хоминка,POINT(30.4409923 46.7127162),village
Христо-Ботово|Христо-Ботеве,POINT(30.7971588 46.7732198),village
Чеботарёвка|Чоботарівка,POINT(30.56259 46.668549),village
Червоная Горка|Червона Гірка,POINT(30.215151 46.663738),village
Черевичное|Черевичне,POINT(30.62027 46.641418),village
Черняховское|Черняхівське,POINT(30.49015 46.831631),village
Шабо,POINT(30.386766 46.128258),village
Шамановка|Шаманівка,POINT(30.7251577 46.7897449),village
Шевченково-Кут|Шевченкове-Кут,POINT(30.9043789 46.8724417),village
Шеметово|Шеметове,POINT(30.45719 46.837811),village
Шеметово|Шеметове,POINT(30.35317 46.83128),village
Широкая Балка|Широка Балка,"POLYGON((30.352593 46.5423331, 30.3505849 46.5380463, 30.3497477 46.5366762, 30.3493845 46.5363917, 30.3484133 46.5352093, 30.3468004 46.5326012, 30.3460221 46.5326421, 30.3462489 46.5301278, 30.3461618 46.5284968, 30.3501887 46.5290972, 30.3498654 46.5268239, 30.3557269 46.5257001, 30.3579135 46.527233, 30.3587286 46.5283256, 30.3595493 46.5309699, 30.3608244 46.5357419, 30.3624637 46.5356212, 30.3643361 46.5356926, 30.3649911 46.536751, 30.3650235 46.5369586, 30.3649373 46.5370826, 30.3646464 46.5371523, 30.3642531 46.5371804, 30.3634198 46.5371069, 30.3630219 46.5384239, 30.3615137 46.5384465, 30.3615766 46.5386864, 30.3576907 46.5386661, 30.3551649 46.5390096, 30.3579524 46.5453662, 30.3546628 46.5460967, 30.352593 46.5423331))",village
Широкая Балка|Широка Балка,POINT(30.35076 46.531437),village
Щербанка,POINT(30.184589 46.695332),village
Якова,POINT(30.7720953 46.8858577),village
Єгорівка,"POLYGON((30.3965848 46.7223839, 30.3968804 46.7211556, 30.3970898 46.7205857, 30.3972314 46.7203366, 30.3980934 46.7192602, 30.3994419 46.7185763, 30.4004025 46.7175462, 30.4005749 46.7167104, 30.4010737 46.7162502, 30.4043741 46.7156339, 30.4051562 46.7159338, 30.4084689 46.7150446, 30.4111708 46.7139146, 30.4124864 46.7137206, 30.413413 46.7151561, 30.4151742 46.7148748, 30.4163766 46.7150009, 30.4232428 46.7157336, 30.4246988 46.7164887, 30.4226579 46.7179839, 30.4235638 46.7184262, 30.4222628 46.7191889, 30.4215162 46.7199247, 30.4197056 46.7210253, 30.4176337 46.7227144, 30.4143855 46.7256443, 30.4138683 46.726269, 30.4134557 46.7265729, 30.4132289 46.7267061, 30.4129849 46.7267498, 30.4127286 46.7268307, 30.4105871 46.7256976, 30.4095829 46.7250301, 30.4083631 46.7239784, 30.4077574 46.7235889, 30.4073822 46.7234346, 30.4069694 46.7233574, 30.4064173 46.7233133, 30.4050611 46.7233684, 30.4029545 46.7233868, 30.3990628 46.7235448, 30.3972279 46.7230898, 30.3969077 46.7229472, 30.3968223 46.722836, 30.3965848 46.7223839))",village
Іванове,"POLYGON((30.8851865 46.6928892, 30.8817413 46.6921183, 30.8820947 46.6899553, 30.8778498 46.6884252, 30.8787711 46.6874701, 30.8789335 46.6871216, 30.8788776 46.6866013, 30.8785605 46.6857139, 30.8785409 46.6854427, 30.8786369 46.6851426, 30.8790865 46.6844734, 30.8792197 46.6837321, 30.8793411 46.6832803, 30.8795895 46.6823556, 30.8796437 46.6818503, 30.8796547 46.6816584, 30.8797205 46.6805038, 30.8792329 46.6800397, 30.8793835 46.6787881, 30.8794876 46.6784671, 30.8800696 46.6777573, 30.88026 46.6773288, 30.8808074 46.6741096, 30.8805224 46.6736926, 30.8804642 46.6724906, 30.8806779 46.6715771, 30.8813524 46.6703746, 30.8815421 46.6697991, 30.8824434 46.6683416, 30.8831849 46.6680207, 30.8832646 46.6679231, 30.8829068 46.6671559, 30.882238 46.6661044, 30.8823038 46.6657975, 30.8826644 46.6639412, 30.8828332 46.6626068, 30.8830955 46.6615415, 30.8838624 46.6601641, 30.88418 46.6591663, 30.8841972 46.6581242, 30.8880011 46.6580631, 30.8913625 46.6623044, 30.8933262 46.666862, 30.8940948 46.6676893, 30.893662 46.6695976, 30.8933816 46.6697632, 30.8929023 46.6729358, 30.8905092 46.6726691, 30.8903666 46.6732571, 30.8899712 46.6732859, 30.8899171 46.673574, 30.889631 46.6759308, 30.889758 46.676885, 30.8897816 46.6791184, 30.889714 46.6796291, 30.8892316 46.6813349, 30.8888506 46.6826822, 30.8877826 46.6839961, 30.8875573 46.6843346, 30.8875894 46.6846879, 30.8885263 46.6867076, 30.8885121 46.6872639, 30.888083 46.6877644, 30.8877431 46.6883923, 30.8871388 46.68917, 30.8867777 46.6898266, 30.886305 46.6905678, 30.8856368 46.6916869, 30.8851865 46.6928892))",village
Киевский район|Київський район,"POLYGON((30.6953923 46.4298520, 30.6945435 46.4309207, 30.6987921 46.4354904, 30.6967751 46.4368286, 30.6883180 46.4293844, 30.6909762 46.4117730, 30.6831036 46.4099845, 30.6842615 46.4026276, 30.6992661 46.4041389, 30.6998736 46.4056234, 30.7088242 46.4036279, 30.7052242 46.3964500, 30.6880269 46.3938003, 30.6896219 46.3841073, 30.7047007 46.3859189, 30.7052121 46.3884371, 30.7145213 46.3897989, 30.7138792 46.3864413, 30.7155041 46.3832325, 30.7134445 46.3820729, 30.7182431 46.3824105, 30.7186584 46.3775022, 30.7218791 46.3751701, 30.7139081 46.3724278, 30.7139649 46.3663116, 30.7160856 46.3666227, 30.7160235 46.3650067, 30.7068405 46.3579988, 30.7067440 46.3645506, 30.7019149 46.3640753, 30.7020664 46.3595071, 30.6983993 46.3580876, 30.6983200 46.3565222, 30.6898135 46.3558940, 30.6918500 46.3495481, 30.6914445 46.3429403, 30.7022689 46.3432819, 30.7017204 46.3465425, 30.7153249 46.3589074, 30.7395433 46.3731115, 30.7462344 46.3754379, 30.7521961 46.3752281, 30.7496887 46.3798693, 30.7504530 46.3846202, 30.7524749 46.3869536, 30.7542143 46.3986493, 30.7602734 46.4082197, 30.6953923 46.4298520))",district
Хаджибейский район|Хаджибейський район,"POLYGON((30.6192553 46.4654747, 30.6260638 46.4643497, 30.6292476 46.4648196, 30.6289093 46.4669584, 30.6360449 46.4669979, 30.6369224 46.4612676, 30.6446700 46.4615545, 30.6454944 46.4509518, 30.6532099 46.4510664, 30.6533897 46.4353285, 30.6498738 46.4285285, 30.6621697 46.4281377, 30.6640119 46.4221953, 30.6746569 46.4174189, 30.6790955 46.4097641, 30.6909762 46.4117730, 30.6883180 46.4293844, 30.6967751 46.4368286, 30.6987921 46.4354904, 30.6945435 46.4309207, 30.6953923 46.4298520, 30.6953079 46.4353148, 30.6883180 46.4293844, 30.6909762 46.4117730, 30.6790955 46.4097641, 30.6746569 46.4174189, 30.6640119 46.4221953, 30.6621697 46.4281377, 30.6498738 46.4285285, 30.6533897 46.4353285, 30.6532099 46.4510664, 30.6454944 46.4509518, 30.6446700 46.4615545, 30.6369224 46.4612676, 30.6360449 46.4669979, 30.6289093 46.4669584, 30.6292476 46.4648196, 30.6260638 46.4643497, 30.6192553 46.4654747))",district
Приморский район|Приморський район,"POLYGON((30.7593822 46.4913275, 30.7551724 46.4891174, 30.7581438 46.4845384, 30.7527986 46.4854928, 30.7498951 46.4870812, 30.7535401 46.4880394, 30.7528017 46.4895862, 30.7485684 46.4877329, 30.7455169 46.4893404, 30.7487646 46.4923360, 30.7444887 46.4900763, 30.7411584 46.4918923, 30.7443236 46.4947129, 30.7424108 46.4957047, 30.7378538 46.4922494, 30.7345099 46.4943964, 30.7376389 46.4966810, 30.7406370 46.4960060, 30.7364914 46.4976816, 30.7335415 46.4966717, 30.7326211 46.4975328, 30.7346123 46.4982891, 30.7324919 46.4977207, 30.7318137 46.4989139, 30.7336416 46.4996279, 30.7295497 46.4985345, 30.7313079 46.4996458, 30.7313852 46.5021302, 30.7338778 46.5028661, 30.7314518 46.5023953, 30.7302436 46.5049730, 30.7247684 46.5048322, 30.7270814 46.4959608, 30.7179411 46.4968071, 30.7082882 46.4838531, 30.7038765 46.4860258, 30.6994058 46.4800089, 30.6966784 46.4802571, 30.6958844 46.4770654, 30.7047243 46.4773218, 30.7095270 46.4750614, 30.7257518 46.4736596, 30.7277349 46.4719699, 30.7593822 46.4913275))",district
Атамана Головатого|Головатого,"MULTILINESTRING((30.7219167 46.5107748, 30.7220867 46.5095771, 30.722279 46.5078581, 30.7224856 46.5061578, 30.7225341 46.5056664, 30.7225601 46.5054523, 30.7226305 46.5047399, 30.7227262 46.5039619, 30.722776 46.5035633, 30.7229087 46.5026655, 30.723007 46.5020138, 30.723 46.5018746, 30.7229868 46.501762, 30.7229611 46.5016885, 30.7228217 46.5013272, 30.7228024 46.5012821, 30.7226046 46.5006792), (30.7335228 46.5329392, 30.7326325 46.5322625), (30.7215982 46.4977794, 30.7215671 46.4977006, 30.7214856 46.4974395, 30.7213643 46.4972256), (30.7217292 46.4981568, 30.7215982 46.4977794), (30.7302321 46.5292973, 30.7299661 46.5288212, 30.729067 46.5274623, 30.7283549 46.5264437, 30.7283152 46.5263774, 30.7276816 46.5254194, 30.7270965 46.5245278, 30.7269648 46.5243186, 30.7256224 46.5222583, 30.7247445 46.5200611, 30.7245042 46.5194308, 30.723847 46.5178315, 30.7235603 46.5170616, 30.7233196 46.5164087, 30.7230899 46.5157651, 30.7226764 46.5146479, 30.7223397 46.5136975, 30.7221447 46.5132339, 30.722058 46.5129219, 30.7219986 46.5125223, 30.721945 46.5120873, 30.7219079 46.5115437, 30.7219167 46.5107748), (30.732221 46.5319597, 30.7320623 46.5318289, 30.7318236 46.5315982, 30.73143 46.531126, 30.7310478 46.5306901, 30.7307105 46.5302623, 30.7305013 46.529895, 30.7302321 46.5292973), (30.7323845 46.5320944, 30.732221 46.5319597), (30.7326325 46.5322625, 30.7323845 46.5320944), (30.7226046 46.5006792, 30.7217292 46.4981568))",street
Бурлачья|бурлачка,"POLYGON((30.6647408 46.3545331, 30.6616402 46.354422, 30.6618544 46.3514857, 30.6585978 46.3514522, 30.6506269 46.3510476, 30.650041 46.3535503, 30.6494203 46.3552874, 30.6457937 46.3552217, 30.6461692 46.3533038, 30.6459546 46.35263, 30.6455469 46.3519635, 30.6442165 46.3516821, 30.6435192 46.3505935, 30.6440583 46.3501723, 30.6441534 46.3498298, 30.6444848 46.3496844, 30.6448147 46.3496585, 30.6454396 46.3498251, 30.6458174 46.3490205, 30.6453538 46.3486458, 30.6451017 46.348979, 30.6450192 46.3489583, 30.6454109 46.3481302, 30.6452234 46.3480805, 30.6456506 46.347243, 30.6458607 46.3472998, 30.6462899 46.3463704, 30.6470261 46.3466443, 30.6478965 46.3461944, 30.6483465 46.345623, 30.6489292 46.3452533, 30.6493395 46.3451946, 30.6503963 46.3454723, 30.6505519 46.3451576, 30.6509676 46.3452557, 30.651834 46.3434837, 30.6618067 46.3387148, 30.6619861 46.3282411, 30.6690216 46.3228232, 30.6720793 46.3229417, 30.6776476 46.3226972, 30.676859 46.3216747, 30.6771433 46.3213191, 30.6768322 46.3207115, 30.6773257 46.3204299, 30.6768966 46.3195259, 30.6782942 46.3191153, 30.6788897 46.3203451, 30.6809544 46.3228495, 30.6822644 46.3248632, 30.6811076 46.3253219, 30.6811801 46.3254108, 30.6802198 46.3260081, 30.6803271 46.3261239, 30.6800938 46.3262424, 30.6788369 46.3264945, 30.6781981 46.3263971, 30.6780173 46.3259546, 30.677673 46.325603, 30.6763689 46.3253012, 30.6760061 46.3245865, 30.6749546 46.324957, 30.6732809 46.3250755, 30.6725085 46.3250014, 30.672031 46.3247903, 30.6713749 46.3250596, 30.6709957 46.3248607, 30.670056 46.3251442, 30.6699698 46.3254253, 30.6708373 46.3264178, 30.670868 46.3282327, 30.6706604 46.3291503, 30.6715009 46.329385, 30.6726369 46.3334164, 30.6709065 46.3333529, 30.6709582 46.3344471, 30.6706041 46.3360175, 30.670411 46.3364175, 30.6686354 46.3384026, 30.6682847 46.3389256, 30.6677985 46.3403099, 30.6676376 46.3415284, 30.6670368 46.3417469, 30.6668329 46.3430745, 30.6632362 46.3429648, 30.6632233 46.3438508, 30.6628445 46.3439068, 30.6635908 46.3486814, 30.663704 46.3487345, 30.6637303 46.3490202, 30.6643847 46.3490624, 30.6645702 46.3494401, 30.6656753 46.3495977, 30.6652274 46.3515475, 30.6647408 46.3545331))",street
Мечникова,"MULTILINESTRING((30.7241678 46.4737668, 30.7242959 46.4737492, 30.7243979 46.4737258, 30.724463 46.4736962, 30.7245125 46.4736602, 30.7248044 46.473412), (30.7199418 46.4947343, 30.7194879 46.494644, 30.7193896 46.4946101, 30.7193191 46.4945706, 30.7192603 46.494533, 30.719201 46.4944705, 30.7191573 46.4943884, 30.7189012 46.4936421), (30.7181572 46.4890003, 30.7185348 46.4878701, 30.71884 46.4869995), (30.7273141 46.47104, 30.7274373 46.470761, 30.7274936 46.4706152), (30.71884 46.4869995, 30.7190219 46.4864291, 30.7191198 46.4861698, 30.7191412 46.486095, 30.7192172 46.485913, 30.7193743 46.4853775, 30.7198244 46.484014), (30.7198244 46.484014, 30.7199087 46.4837354, 30.72078 46.4811758, 30.7207941 46.4811307, 30.7208054 46.4811044, 30.7212306 46.4798157, 30.7216468 46.4785239, 30.7220597 46.4770984, 30.7225098 46.4757331, 30.7225344 46.4756948, 30.7225741 46.4756682), (30.7269786 46.4714287, 30.7272076 46.4711794, 30.7273141 46.47104), (30.7275207 46.4657446, 30.7274354 46.4644094, 30.7273973 46.4639495, 30.727346 46.4631911), (30.7274843 46.4623869, 30.7280816 46.4603287, 30.7281331 46.4601357, 30.7276067 46.4595705, 30.7270086 46.4589403), (30.7237715 46.4750358, 30.7236797 46.4753715, 30.7236374 46.4754928), (30.7248044 46.473412, 30.7252812 46.4729721, 30.7253405 46.4729046, 30.7255016 46.4727501, 30.7260444 46.4722728, 30.7269786 46.4714287), (30.7238947 46.47442, 30.7238882 46.4737797), (30.7275617 46.4704415, 30.727462 46.4681383, 30.7275343 46.46805), (30.7225741 46.4756682, 30.722613 46.4756433, 30.7230563 46.4752356, 30.723126 46.4751699, 30.7238947 46.47442), (30.7274936 46.4706152, 30.7275617 46.4704415), (30.7189012 46.4936421, 30.7187083 46.4929486, 30.7186745 46.4928156, 30.7186484 46.4927026, 30.7185875 46.4924839, 30.7185113 46.4921857, 30.7180028 46.4904786), (30.727346 46.4631911, 30.7273316 46.4629781, 30.7273355 46.4628493, 30.7274843 46.4623869), (30.7275343 46.46805, 30.7275412 46.4677551, 30.727541 46.4673451, 30.7275443 46.4666018), (30.7275559 46.4661683, 30.7275425 46.4660467, 30.7275207 46.4657446), (30.7275443 46.4666018, 30.7275447 46.466498, 30.7275559 46.4661683), (30.7238947 46.47442, 30.7237715 46.4750358))",street
Старопортофранковская,"MULTILINESTRING((30.719682 46.4935348, 30.7193029 46.4923254, 30.7192288 46.4920821, 30.7187428 46.4905334, 30.7188939 46.4890171, 30.7191399 46.4883206, 30.7191718 46.488216, 30.7193493 46.4877058, 30.7193947 46.4875859, 30.7194427 46.4874345, 30.7195375 46.4871818, 30.7197236 46.48654, 30.7198807 46.4860161, 30.7200263 46.4855787, 30.7200803 46.4854326, 30.7203948 46.4845118, 30.7204563 46.4843, 30.7210458 46.482469, 30.7215283 46.4811379, 30.721595 46.4809108, 30.7219421 46.4798346), (30.7277349 46.4719699, 30.7282162 46.4714927, 30.7282564 46.4714266, 30.7282832 46.4713439, 30.7282842 46.4704025, 30.7282832 46.470386), (30.7288571 46.4688954, 30.7300918 46.4687431), (30.7257518 46.4736596, 30.7259929 46.4734564, 30.7264928 46.4730523, 30.7277349 46.4719699), (30.7219421 46.4798346, 30.7220383 46.479531), (30.7281994 46.4689781, 30.7288571 46.4688954), (30.7200523 46.4954075, 30.72003 46.4952307, 30.719969 46.494895, 30.7199418 46.4947343), (30.7236374 46.4754928, 30.7238403 46.4753291, 30.7254942 46.4738767, 30.7257518 46.4736596), (30.7198411 46.4941805, 30.7197741 46.493812, 30.719682 46.4935348), (30.7199418 46.4947343, 30.7198411 46.4941805), (30.7220383 46.479531, 30.7221949 46.479033, 30.7223441 46.4785779, 30.7224052 46.4783774, 30.7232686 46.4757904, 30.7236374 46.4754928), (30.7300918 46.4687431, 30.7302082 46.4687352, 30.7303785 46.46872), (30.7282832 46.470386, 30.7281994 46.4689781))",street
Черноморского Казачества|Казачества,"MULTILINESTRING((30.7233533 46.4979453, 30.7243513 46.5004473, 30.724807 46.501546), (30.7247684 46.5048322, 30.724749 46.5050296, 30.7246495 46.5063194, 30.7245173 46.5076353, 30.7244589 46.5079827, 30.7244209 46.508241, 30.7241169 46.5106539, 30.7240573 46.5112656, 30.7240219 46.5117491, 30.724011 46.5119526, 30.7240329 46.5121241, 30.7242492 46.5127191, 30.7248777 46.5143561, 30.7251836 46.5151824, 30.7254871 46.5160202, 30.7257931 46.5168193, 30.7261938 46.517904, 30.7262409 46.518026, 30.7264312 46.5184613, 30.7265453 46.518743, 30.7266461 46.5190567, 30.7267094 46.5192716, 30.7283026 46.5235851, 30.7286879 46.5246107, 30.7293812 46.5263256, 30.7294443 46.5264507, 30.7295202 46.5265431, 30.7297309 46.5267686, 30.7298987 46.5268892, 30.7308508 46.5274347, 30.7309982 46.5275464, 30.7311075 46.5276429, 30.7313556 46.5278946, 30.7318495 46.5284645, 30.7323257 46.5290593, 30.7323873 46.5291432, 30.7323999 46.5291639, 30.7327347 46.5299225), (30.724807 46.501546, 30.7250352 46.5021662, 30.7250714 46.5022992, 30.7250701 46.5023659, 30.7249942 46.5029525, 30.7249684 46.503199, 30.7248465 46.5040626, 30.7247684 46.5048322), (30.7328374 46.5320715, 30.7328622 46.5321324, 30.7329447 46.5322524, 30.7335228 46.5329392), (30.7331161 46.5310793, 30.7330893 46.5311753, 30.7330606 46.5312371, 30.7329809 46.5314285, 30.7328133 46.5317823, 30.7328032 46.5318496, 30.7328052 46.5319161, 30.7328193 46.5319991, 30.7328374 46.5320715), (30.7231105 46.4971466, 30.7231283 46.4972392, 30.7231649 46.4973693, 30.723208 46.4975411, 30.7233533 46.4979453), (30.7327347 46.5299225, 30.7331018 46.5309267, 30.7331203 46.5310231, 30.7331161 46.5310793))",street
Красносілка,"POLYGON((30.7728527 46.611623, 30.7731374 46.6108456, 30.7738592 46.6109398, 30.7745842 46.6112274, 30.7775397 46.612768, 30.7800297 46.6138864, 30.780886 46.6141481, 30.7831853 46.6145482, 30.7823446 46.6164503, 30.7836945 46.6171623, 30.7873452 46.6178004, 30.7904654 46.6175479, 30.7914772 46.6237655, 30.7914755 46.6246452, 30.7912547 46.6287216, 30.7897291 46.628536, 30.788888 46.628328, 30.7880331 46.6283439, 30.7882346 46.6286719, 30.7883769 46.6293074, 30.7882978 46.6299225, 30.7884808 46.6313204, 30.7871312 46.6351357, 30.7866837 46.6359207, 30.7846658 46.635273, 30.7816768 46.6344066, 30.7810156 46.6343309, 30.7773159 46.6334846, 30.7749761 46.6330065, 30.7741253 46.6333408, 30.7742464 46.6335991, 30.7745012 46.6347476, 30.7749264 46.6356368, 30.7752112 46.6360116, 30.7749199 46.6360866, 30.7727197 46.6357912, 30.7722838 46.6358553, 30.7721543 46.6353966, 30.7701593 46.6355172, 30.7696409 46.6357963, 30.7691978 46.635569, 30.768264 46.6341527, 30.7655888 46.6353828, 30.7616557 46.6369777, 30.7615663 46.6368323, 30.7618636 46.6364512, 30.7619215 46.6358872, 30.7617515 46.6351451, 30.760992 46.6336696, 30.7603554 46.6330366, 30.7591949 46.6323522, 30.7570783 46.6282339, 30.7573027 46.627778, 30.7596216 46.628054, 30.7604618 46.6280488, 30.7636307 46.6271064, 30.76373 46.6270285, 30.76379 46.6268743, 30.7635142 46.6264247, 30.7634487 46.6261384, 30.7631499 46.6256961, 30.7627911 46.624942, 30.7622611 46.6241606, 30.7610523 46.6221357, 30.7606065 46.622043, 30.7589487 46.6224154, 30.7586457 46.6223122, 30.755932 46.617827, 30.7583437 46.6172291, 30.7583941 46.6171366, 30.7580116 46.6163568, 30.7585702 46.6161964, 30.7584459 46.6160016, 30.7589837 46.6153566, 30.7593783 46.6157358, 30.7612572 46.6152505, 30.7620808 46.61531, 30.7638375 46.6137582, 30.7623162 46.6133441, 30.7626875 46.6127004, 30.7628995 46.6120411, 30.7646046 46.612711, 30.7685176 46.6133416, 30.7683511 46.6138715, 30.7688793 46.6139543, 30.7688047 46.6141628, 30.7689031 46.6141804, 30.7687217 46.6147294, 30.7688875 46.6150501, 30.7714274 46.6153624, 30.771751 46.6146858, 30.7728527 46.611623))",town
Міжлиманське,"POLYGON((30.7054593 46.5652555, 30.7050651 46.5640389, 30.7049706 46.5639567, 30.7048361 46.5639166, 30.704736 46.5636031, 30.7047714 46.5635639, 30.7043517 46.562298, 30.7043946 46.5621394, 30.7040673 46.5612837, 30.7046827 46.561097, 30.7034048 46.5592841, 30.7048748 46.5587888, 30.7049972 46.5587197, 30.7064545 46.5582649, 30.707205 46.558001, 30.7073825 46.5579716, 30.7082668 46.5591653, 30.709924 46.5615893, 30.7102189 46.5614776, 30.7122154 46.5592948, 30.7125437 46.5592919, 30.712887 46.5596206, 30.7127833 46.5596937, 30.7131441 46.5599502, 30.7133027 46.5597976, 30.7133476 46.5594003, 30.7136333 46.5590185, 30.7128433 46.5586551, 30.7121402 46.5579241, 30.7122818 46.5579036, 30.7124292 46.557098, 30.7156744 46.556947, 30.7157665 46.5569819, 30.7155193 46.5575662, 30.7155061 46.5578234, 30.7150778 46.5588137, 30.7169524 46.5596649, 30.7172942 46.5596225, 30.7172798 46.559363, 30.7173848 46.5591193, 30.7184684 46.5577027, 30.7190122 46.5570632, 30.7198093 46.5570985, 30.7200407 46.5567433, 30.7225332 46.5566193, 30.7225387 46.5565522, 30.7238049 46.5565772, 30.7238297 46.556596, 30.7263541 46.5567187, 30.7260103 46.5578398, 30.725792 46.5580852, 30.7250107 46.5586456, 30.7242126 46.5593114, 30.7239955 46.5597479, 30.7238781 46.5603689, 30.7242998 46.5605718, 30.724165 46.5612091, 30.7231012 46.5629202, 30.7229603 46.5633473, 30.7228911 46.5639577, 30.72258 46.5647949, 30.7224299 46.5651077, 30.7221401 46.5654035, 30.7216975 46.565942, 30.7212786 46.5665596, 30.7205823 46.5678618, 30.7201113 46.5686579, 30.7206013 46.5687598, 30.7201718 46.5695641, 30.7198 46.570999, 30.7199374 46.5710097, 30.7198328 46.5719335, 30.7200665 46.572184, 30.7199031 46.5731234, 30.7197557 46.5735012, 30.7186858 46.5732238, 30.7179493 46.5743012, 30.7176863 46.5747778, 30.7174516 46.5753533, 30.7172048 46.5758032, 30.7126291 46.5747257, 30.7119477 46.5749108, 30.7090846 46.5743838, 30.7101018 46.5713038, 30.7094586 46.5711789, 30.7086003 46.5690326, 30.7080423 46.5691322, 30.7070433 46.5669837, 30.7069258 46.5667775, 30.7067487 46.5666213, 30.7062287 46.566361, 30.7061112 46.5662389, 30.7058265 46.5652519, 30.7056067 46.5653222, 30.7054593 46.5652555))",village
Прилиманське,"POLYGON((30.6039343 46.4360215, 30.6042671 46.4349811, 30.6053455 46.4306747, 30.6054564 46.4299909, 30.6063191 46.4272089, 30.6068516 46.4266755, 30.6075794 46.4240209, 30.6096518 46.419302, 30.6098878 46.4186659, 30.6102145 46.4176845, 30.6123906 46.4184436, 30.6133374 46.4186066, 30.6135111 46.418477, 30.6138152 46.4184026, 30.6147287 46.4186214, 30.6149129 46.4184363, 30.616272 46.4180922, 30.6167756 46.4163916, 30.6171043 46.4149261, 30.6173684 46.4140751, 30.6174742 46.413593, 30.6180758 46.4124326, 30.6187671 46.4104654, 30.6220602 46.4109292, 30.6230418 46.4111062, 30.6250583 46.411521, 30.625042 46.4121587, 30.624693 46.4145038, 30.6244973 46.4151222, 30.62441 46.415619, 30.6243794 46.4162635, 30.6243021 46.4165522, 30.6240623 46.4169278, 30.6239037 46.4180657, 30.6236476 46.4191167, 30.62355 46.4197305, 30.6234931 46.4202013, 30.623489 46.4204311, 30.6237533 46.4208123, 30.6236964 46.4211906, 30.6236618 46.4212621, 30.6231252 46.4212046, 30.6230032 46.4218001, 30.6230683 46.4221518, 30.6228914 46.4232869, 30.6226516 46.4240603, 30.6225377 46.4242089, 30.6224117 46.4242705, 30.6217287 46.4243266, 30.6213347 46.4242462, 30.6211436 46.424031, 30.6211504 46.4238027, 30.6193505 46.4237328, 30.6189812 46.4240404, 30.6184539 46.4246015, 30.6181495 46.4248601, 30.6180044 46.4250479, 30.617923 46.4251797, 30.6177272 46.4257729, 30.6184858 46.4257941, 30.6193221 46.4258871, 30.6208643 46.4259902, 30.6211993 46.4259395, 30.6222618 46.4261575, 30.6234246 46.4264794, 30.6233966 46.4267691, 30.6224019 46.4315265, 30.6219582 46.4333483, 30.6204008 46.439432, 30.6201489 46.4397897, 30.6200456 46.4398575, 30.6198259 46.439789, 30.6193458 46.4394352, 30.6190514 46.4390936, 30.6181501 46.4379425, 30.617383 46.4382308, 30.6172972 46.4384083, 30.6172006 46.4384933, 30.6169861 46.4385968, 30.6158166 46.4385709, 30.6132685 46.4382012, 30.6122138 46.4379308, 30.6117431 46.437724, 30.6112964 46.4375911, 30.6109368 46.4373259, 30.6109051 46.4372424, 30.6107498 46.4371632, 30.6096617 46.4369473, 30.6095696 46.4368302, 30.6096585 46.4365124, 30.6088283 46.4363618, 30.6087109 46.436703, 30.6079037 46.4365979, 30.6078712 46.4369698, 30.6069895 46.4369732, 30.6062279 46.4366242, 30.604915 46.4363781, 30.6046977 46.4362823, 30.6039876 46.4361318, 30.6039343 46.4360215))",village
Яськи,"POLYGON((30.0636335 46.5283306, 30.0647272 46.5238699, 30.063555 46.5236118, 30.0640718 46.5222919, 30.0664443 46.5226588, 30.0671795 46.5203487, 30.0684876 46.5194711, 30.0685078 46.5178769, 30.0689372 46.5171347, 30.0690534 46.5154367, 30.0709186 46.5146108, 30.0711048 46.5138858, 30.069886 46.5133103, 30.0687403 46.5121593, 30.0685741 46.5111821, 30.0677751 46.5111613, 30.0681624 46.5088793, 30.0679612 46.5080441, 30.0671035 46.5068328, 30.0669758 46.5060943, 30.0675299 46.5054759, 30.0673234 46.5034455, 30.0670422 46.5026214, 30.0662172 46.5022692, 30.0651488 46.5015741, 30.064254 46.5003815, 30.0641394 46.4999503, 30.0642846 46.4995718, 30.0636292 46.4982387, 30.0636658 46.4974158, 30.0638075 46.4968865, 30.0690277 46.4973168, 30.0726691 46.4971885, 30.0746746 46.4965254, 30.0747519 46.4966473, 30.0755015 46.4966225, 30.0771867 46.4962601, 30.0791335 46.4955107, 30.0831081 46.4949199, 30.0876907 46.4944609, 30.0919813 46.4945108, 30.092345 46.4958211, 30.0959381 46.4948595, 30.0964115 46.4958226, 30.09917 46.4952197, 30.1003441 46.4952245, 30.1039151 46.4963859, 30.105246 46.4976876, 30.1029371 46.4985958, 30.102206 46.4991163, 30.1018545 46.4996559, 30.0916912 46.5021777, 30.0895301 46.5025997, 30.0899771 46.5037547, 30.0874689 46.5045627, 30.0814433 46.5116614, 30.0832145 46.5118571, 30.0839385 46.5122038, 30.0837685 46.5159185, 30.0859919 46.5163406, 30.0863703 46.5165521, 30.0864747 46.5168117, 30.0861959 46.5184894, 30.0886815 46.5192287, 30.0881861 46.5213594, 30.0895912 46.5215387, 30.0887673 46.5231465, 30.0877432 46.5257969, 30.0868723 46.5270028, 30.0866971 46.5278767, 30.0860903 46.5293868, 30.0854932 46.530067, 30.0807177 46.5292201, 30.0773709 46.5284567, 30.0767978 46.5295542, 30.0782262 46.5299459, 30.0776639 46.5309813, 30.07621 46.5306591, 30.0736043 46.5349772, 30.0741861 46.5352177, 30.0733072 46.5365914, 30.0720155 46.5360672, 30.0677771 46.5348188, 30.0684175 46.5331028, 30.0666517 46.5325413, 30.0656947 46.5325157, 30.0642249 46.5328395, 30.0640917 46.5325604, 30.06456 46.5320087, 30.0643386 46.5318039, 30.064572 46.5312675, 30.0643834 46.5309709, 30.0644355 46.5300782, 30.0647547 46.5289386, 30.0643343 46.5289234, 30.0636335 46.5283306))",village
Пересыпский район|Пересипський район,"POLYGON((30.8073395 46.5934179, 30.8088354 46.5948660, 30.8028801 46.5953958, 30.8193704 46.6075731, 30.8313753 46.6218937, 30.8131793 46.6291187, 30.8068467 46.6231563, 30.8025758 46.6244474, 30.7959115 46.6162931, 30.8042190 46.6110087, 30.8011983 46.6050484, 30.8142860 46.6043264, 30.8046916 46.5973130, 30.7941716 46.5995060, 30.7953057 46.5927353, 30.7875899 46.5978340, 30.7839359 46.5936409, 30.7860016 46.5922240, 30.7778960 46.5853270, 30.7685897 46.5846604, 30.7638590 46.5791381, 30.7595385 46.5804437, 30.7574739 46.5753462, 30.7522445 46.5751446, 30.7576937 46.5713434, 30.7558109 46.5655426, 30.7325706 46.5622516, 30.7249302 46.5667441, 30.7208484 46.5769325, 30.7175343 46.5758651, 30.7243089 46.5594457, 30.7309962 46.5520773, 30.7088065 46.5526153, 30.6990438 46.5565045, 30.6786796 46.5431351, 30.6627006 46.5427884, 30.6588502 46.5388721, 30.6679220 46.5410271, 30.6740266 46.5373001, 30.6764123 46.5231963, 30.6729017 46.5208980, 30.6815157 46.5206663, 30.6638790 46.5119697, 30.6670907 46.5081336, 30.6725411 46.5093465, 30.6766819 46.5018634, 30.6726278 46.5008758, 30.6759886 46.4965803, 30.6622324 46.4993530, 30.6588487 46.4983987, 30.6591192 46.4928159, 30.6739539 46.4902605, 30.6916985 46.4795203, 30.6994058 46.4800089, 30.7038765 46.4860258, 30.7082882 46.4838531, 30.7180685 46.4968782, 30.7270814 46.4959608, 30.7247684 46.5048322, 30.7302436 46.5049730, 30.7292696 46.5124615, 30.7363541 46.5094541, 30.7384315 46.5128506, 30.7299175 46.5137559, 30.7355653 46.5143653, 30.7331858 46.5148773, 30.7360833 46.5272346, 30.7408005 46.5349618, 30.7588904 46.5489491, 30.7853975 46.5566927, 30.7928510 46.5701522, 30.8039700 46.5707151, 30.8118449 46.5816852, 30.8022293 46.5849558, 30.8073395 46.5934179))",district
улица Бабеля|Бабеля,"LINESTRING(30.7620 46.4140,30.7700 46.4110)",street
улица Ждахи|Ждахи,POINT(30.7155 46.4635),street
Сергея Шелухина|улица Сергея Шелухина|Шелухина,"LINESTRING(30.7290 46.4126,30.7402 46.4134)",street
Дача Дашкевича|Дашкевича,POINT(30.7029605 46.4557909),landmark
БКМ|Беляевская картонная мануфактура|бкм,POINT(30.1730 46.5060),landmark
Балтская дорога|Балтская,"LINESTRING(30.7209869 46.5349409, 30.7198286 46.5360302, 30.7193546 46.5364759, 30.7191 46.5367154, 30.7190164 46.536794, 30.7179028 46.5378413, 30.7175769 46.5381478, 30.7166408 46.5390069, 30.716479 46.5391554, 30.7152687 46.5402662, 30.7147483 46.5407438, 30.7146265 46.5408556, 30.7144448 46.5409657, 30.714092 46.5413893, 30.7140476 46.5414346, 30.7140445 46.541607, 30.7140255 46.5418586, 30.7140122 46.542034, 30.7139778 46.5424888, 30.7139148 46.5433197, 30.7139051 46.5434488, 30.713873 46.5439211, 30.7138467 46.5442366, 30.7136656 46.546086, 30.7136578 46.5464559, 30.7136756 46.5465841, 30.7136942 46.5466827, 30.7136147 46.5469005, 30.7135471 46.5470473, 30.71337 46.5473714, 30.7130393 46.54794, 30.7129223 46.5481404, 30.712702 46.5484587, 30.7112932 46.5498579, 30.707828 46.553343, 30.7074202 46.5537225, 30.7072224 46.5538957, 30.7071394 46.553946, 30.7070221 46.5539994, 30.7069109 46.5540369, 30.7057999 46.5543402, 30.7056741 46.5543971, 30.7055962 46.5544479, 30.705546 46.5545035, 30.7055032 46.5545851, 30.7054924 46.5547223, 30.7054994 46.5548737, 30.7055081 46.5550946, 30.7055382 46.5553069, 30.7055721 46.5554344, 30.7056015 46.5554977, 30.7056453 46.5555698, 30.7060807 46.5560126, 30.7062041 46.5561283, 30.7066483 46.5567612, 30.7070827 46.5573768, 30.7071361 46.5574521, 30.7072931 46.5576735)",street
